"Submission ID","UserId","Submission time","DistrictName","UpazilaName","Items to Choose","hasProduct","Price"
"00b4d60d-22e6-4059-b2ba-77674661e61a","2b8427508a9e3bcf9e579578f6629e08",2024-12-19 12:24:40,"Rajshahi","Matihar","Rice",1,65
"00b4d60d-22e6-4059-b2ba-77674661e61a","2b8427508a9e3bcf9e579578f6629e08",2024-12-19 12:24:40,"Rajshahi","Matihar","Chicken",8,170
"00b4d60d-22e6-4059-b2ba-77674661e61a","2b8427508a9e3bcf9e579578f6629e08",2024-12-19 12:24:40,"Rajshahi","Matihar","Potato",9,70
"02246c6a-414a-44b2-bd15-403a9b7da7d9","b0090872a6819c04bf810bd47f50ede1",2025-01-02 10:52:14,"Rajshahi","Matihar","Rice",1,75
"02246c6a-414a-44b2-bd15-403a9b7da7d9","b0090872a6819c04bf810bd47f50ede1",2025-01-02 10:52:14,"Rajshahi","Matihar","Soybean Oil",4,175
"02246c6a-414a-44b2-bd15-403a9b7da7d9","b0090872a6819c04bf810bd47f50ede1",2025-01-02 10:52:14,"Rajshahi","Matihar","Eggs",7,44
"02246c6a-414a-44b2-bd15-403a9b7da7d9","b0090872a6819c04bf810bd47f50ede1",2025-01-02 10:52:14,"Rajshahi","Matihar","Chicken",8,185
"038cf941-2a95-4dc7-9f96-50678fdb0acc","def257dca811221bae96896a448afced",2025-01-01 14:50:33,"Naogaon","Mahadebpur","Soybean Oil",4,200
"038cf941-2a95-4dc7-9f96-50678fdb0acc","def257dca811221bae96896a448afced",2025-01-01 14:50:33,"Naogaon","Mahadebpur","Eggs",7,55
"038cf941-2a95-4dc7-9f96-50678fdb0acc","def257dca811221bae96896a448afced",2025-01-01 14:50:33,"Naogaon","Mahadebpur","Eggplant",10,30
"038cf941-2a95-4dc7-9f96-50678fdb0acc","def257dca811221bae96896a448afced",2025-01-01 14:50:33,"Naogaon","Mahadebpur","Onion",11,60
"038cf941-2a95-4dc7-9f96-50678fdb0acc","def257dca811221bae96896a448afced",2025-01-01 14:50:33,"Naogaon","Mahadebpur","Green Chilli",12,40
"03d65280-cf0d-4bd4-bfe8-64f171a50a13","c15251cff68faccf4b27b37e8eb11447",2024-12-14 15:06:43,"Rajshahi","Matihar","Potato",9,100
"0570df77-01cf-4769-9c06-58801d3e56da","2b8427508a9e3bcf9e579578f6629e08",2024-12-21 08:53:47,"Rajshahi","Boalia","Chicken",8,190
"05e90043-916e-4c05-8e1f-6cfc771dc186","2121cd939eb18e4942dc891e4d49dd06",2025-01-02 06:55:00,"Naogaon","Dhamoirhat","Chicken",8,180
"05e90043-916e-4c05-8e1f-6cfc771dc186","2121cd939eb18e4942dc891e4d49dd06",2025-01-02 06:55:00,"Naogaon","Dhamoirhat","Potato",9,50
"05e90043-916e-4c05-8e1f-6cfc771dc186","2121cd939eb18e4942dc891e4d49dd06",2025-01-02 06:55:00,"Naogaon","Dhamoirhat","Eggplant",10,60
"05e90043-916e-4c05-8e1f-6cfc771dc186","2121cd939eb18e4942dc891e4d49dd06",2025-01-02 06:55:00,"Naogaon","Dhamoirhat","Onion",11,60
"05e90043-916e-4c05-8e1f-6cfc771dc186","2121cd939eb18e4942dc891e4d49dd06",2025-01-02 06:55:00,"Naogaon","Dhamoirhat","Green Chilli",12,60
"061af77e-cb04-4b69-a065-d64bcda61416","4967a500b3dfcc1bd2ff55e257da144b",2024-12-25 20:07:42,"Dhaka","Mirpur","Soybean Oil",4,180
"0ad68c9f-4ccc-4805-a070-aa1f3c20a455","fe131476aa453d8177177dbc868e8265",2024-12-24 16:09:57,"Comilla","Comilla Adarsha Sadar","Rice",1,65
"0ad68c9f-4ccc-4805-a070-aa1f3c20a455","fe131476aa453d8177177dbc868e8265",2024-12-24 16:09:57,"Comilla","Comilla Adarsha Sadar","Flour",2,45
"0ad68c9f-4ccc-4805-a070-aa1f3c20a455","fe131476aa453d8177177dbc868e8265",2024-12-24 16:09:57,"Comilla","Comilla Adarsha Sadar","Lentil",3,100
"0ad68c9f-4ccc-4805-a070-aa1f3c20a455","fe131476aa453d8177177dbc868e8265",2024-12-24 16:09:57,"Comilla","Comilla Adarsha Sadar","Soybean Oil",4,210
"0ad68c9f-4ccc-4805-a070-aa1f3c20a455","fe131476aa453d8177177dbc868e8265",2024-12-24 16:09:57,"Comilla","Comilla Adarsha Sadar","Salt",5,42
"0ad68c9f-4ccc-4805-a070-aa1f3c20a455","fe131476aa453d8177177dbc868e8265",2024-12-24 16:09:57,"Comilla","Comilla Adarsha Sadar","Sugar",6,130
"0ad68c9f-4ccc-4805-a070-aa1f3c20a455","fe131476aa453d8177177dbc868e8265",2024-12-24 16:09:57,"Comilla","Comilla Adarsha Sadar","Eggs",7,50
"0ad68c9f-4ccc-4805-a070-aa1f3c20a455","fe131476aa453d8177177dbc868e8265",2024-12-24 16:09:57,"Comilla","Comilla Adarsha Sadar","Chicken",8,165
"0ad68c9f-4ccc-4805-a070-aa1f3c20a455","fe131476aa453d8177177dbc868e8265",2024-12-24 16:09:57,"Comilla","Comilla Adarsha Sadar","Potato",9,70
"0ad68c9f-4ccc-4805-a070-aa1f3c20a455","fe131476aa453d8177177dbc868e8265",2024-12-24 16:09:57,"Comilla","Comilla Adarsha Sadar","Eggplant",10,50
"0ad68c9f-4ccc-4805-a070-aa1f3c20a455","fe131476aa453d8177177dbc868e8265",2024-12-24 16:09:57,"Comilla","Comilla Adarsha Sadar","Onion",11,70
"0ad68c9f-4ccc-4805-a070-aa1f3c20a455","fe131476aa453d8177177dbc868e8265",2024-12-24 16:09:57,"Comilla","Comilla Adarsha Sadar","Green Chilli",12,80
"0b09616e-a266-4358-88fe-f34035a74c79","def257dca811221bae96896a448afced",2025-01-03 08:56:39,"Naogaon","Dhamoirhat","Chicken",8,300
"0b09616e-a266-4358-88fe-f34035a74c79","def257dca811221bae96896a448afced",2025-01-03 08:56:39,"Naogaon","Dhamoirhat","Potato",9,60
"0b09616e-a266-4358-88fe-f34035a74c79","def257dca811221bae96896a448afced",2025-01-03 08:56:39,"Naogaon","Dhamoirhat","Eggplant",10,20
"0b09616e-a266-4358-88fe-f34035a74c79","def257dca811221bae96896a448afced",2025-01-03 08:56:39,"Naogaon","Dhamoirhat","Onion",11,60
"0d0c12a3-2709-462b-a6f7-37fc17167c27","b0090872a6819c04bf810bd47f50ede1",2024-12-30 04:32:18,"Rajshahi","Matihar","Lentil",3,170
"0d0c12a3-2709-462b-a6f7-37fc17167c27","b0090872a6819c04bf810bd47f50ede1",2024-12-30 04:32:18,"Rajshahi","Matihar","Soybean Oil",4,170
"0d0c12a3-2709-462b-a6f7-37fc17167c27","b0090872a6819c04bf810bd47f50ede1",2024-12-30 04:32:18,"Rajshahi","Matihar","Eggs",7,44
"0d0c12a3-2709-462b-a6f7-37fc17167c27","b0090872a6819c04bf810bd47f50ede1",2024-12-30 04:32:18,"Rajshahi","Matihar","Potato",9,50
"0d56c674-43b8-4f60-a1bb-8fb8907c31aa","886e897b7c9a8a66297d024a696f2c93",2025-01-06 07:36:22,"Gaibandha","Sadullapur","Eggplant",10,30
"0d56c674-43b8-4f60-a1bb-8fb8907c31aa","886e897b7c9a8a66297d024a696f2c93",2025-01-06 07:36:22,"Gaibandha","Sadullapur","Onion",11,50
"0d56c674-43b8-4f60-a1bb-8fb8907c31aa","886e897b7c9a8a66297d024a696f2c93",2025-01-06 07:36:22,"Gaibandha","Sadullapur","Green Chilli",12,30
"0e3b61f1-8e21-4f05-aea0-b7226a0946e6","173dcb872759ee4b05745b23a2e7ae34",2024-11-30 23:48:36,"Dhaka","Dhanmondi","Rice",1,66
"0e3b61f1-8e21-4f05-aea0-b7226a0946e6","173dcb872759ee4b05745b23a2e7ae34",2024-11-30 23:48:36,"Dhaka","Dhanmondi","Soybean Oil",4,167
"1060be3c-c5e8-4d8f-8d80-3da4d21ec5c1","c15251cff68faccf4b27b37e8eb11447",2024-12-14 15:05:30,"Rajshahi","Matihar","Eggs",7,46
"1060be3c-c5e8-4d8f-8d80-3da4d21ec5c1","c15251cff68faccf4b27b37e8eb11447",2024-12-14 15:05:30,"Rajshahi","Matihar","Potato",9,100
"1060be3c-c5e8-4d8f-8d80-3da4d21ec5c1","c15251cff68faccf4b27b37e8eb11447",2024-12-14 15:05:30,"Rajshahi","Matihar","Eggplant",10,50
"1060be3c-c5e8-4d8f-8d80-3da4d21ec5c1","c15251cff68faccf4b27b37e8eb11447",2024-12-14 15:05:30,"Rajshahi","Matihar","Onion",11,100
"1060be3c-c5e8-4d8f-8d80-3da4d21ec5c1","c15251cff68faccf4b27b37e8eb11447",2024-12-14 15:05:30,"Rajshahi","Matihar","Green Chilli",12,80
"111d4957-a14c-4d2c-b71b-510e3e93b106","b1d010371fae7901b9fd0ed15188a671",2024-12-29 14:57:16,"Rajshahi","Matihar","Onion",11,60
"1525439c-f474-4598-98e0-648b57b5550c","f73147df75234144d55243229ca6726b",2024-12-14 13:46:04,"Pabna","Sujanagar","Rice",1,70
"1525439c-f474-4598-98e0-648b57b5550c","f73147df75234144d55243229ca6726b",2024-12-14 13:46:04,"Pabna","Sujanagar","Flour",2,53
"1525439c-f474-4598-98e0-648b57b5550c","f73147df75234144d55243229ca6726b",2024-12-14 13:46:04,"Pabna","Sujanagar","Lentil",3,160
"1525439c-f474-4598-98e0-648b57b5550c","f73147df75234144d55243229ca6726b",2024-12-14 13:46:04,"Pabna","Sujanagar","Soybean Oil",4,155
"1525439c-f474-4598-98e0-648b57b5550c","f73147df75234144d55243229ca6726b",2024-12-14 13:46:04,"Pabna","Sujanagar","Salt",5,40
"1525439c-f474-4598-98e0-648b57b5550c","f73147df75234144d55243229ca6726b",2024-12-14 13:46:04,"Pabna","Sujanagar","Sugar",6,140
"1525439c-f474-4598-98e0-648b57b5550c","f73147df75234144d55243229ca6726b",2024-12-14 13:46:04,"Pabna","Sujanagar","Eggs",7,50
"1525439c-f474-4598-98e0-648b57b5550c","f73147df75234144d55243229ca6726b",2024-12-14 13:46:04,"Pabna","Sujanagar","Chicken",8,350
"1525439c-f474-4598-98e0-648b57b5550c","f73147df75234144d55243229ca6726b",2024-12-14 13:46:04,"Pabna","Sujanagar","Potato",9,70
"1525439c-f474-4598-98e0-648b57b5550c","f73147df75234144d55243229ca6726b",2024-12-14 13:46:04,"Pabna","Sujanagar","Eggplant",10,50
"15cf9a50-a5d1-46b2-be55-10803a30b922","12bc8f52864c56c3dfbd8905a123f20c",2025-01-01 11:13:13,"Rajshahi","Matihar","Onion",11,80
"1692dbc9-50cc-4fc0-8259-ab12afa8b12c","f0a655c83df418c338ce9002265022e7",2024-12-21 17:12:54,"Dhaka","Keraniganj","Rice",1,80
"1692dbc9-50cc-4fc0-8259-ab12afa8b12c","f0a655c83df418c338ce9002265022e7",2024-12-21 17:12:54,"Dhaka","Keraniganj","Flour",2,40
"1692dbc9-50cc-4fc0-8259-ab12afa8b12c","f0a655c83df418c338ce9002265022e7",2024-12-21 17:12:54,"Dhaka","Keraniganj","Soybean Oil",4,170
"1692dbc9-50cc-4fc0-8259-ab12afa8b12c","f0a655c83df418c338ce9002265022e7",2024-12-21 17:12:54,"Dhaka","Keraniganj","Eggs",7,50
"1692dbc9-50cc-4fc0-8259-ab12afa8b12c","f0a655c83df418c338ce9002265022e7",2024-12-21 17:12:54,"Dhaka","Keraniganj","Chicken",8,220
"1692dbc9-50cc-4fc0-8259-ab12afa8b12c","f0a655c83df418c338ce9002265022e7",2024-12-21 17:12:54,"Dhaka","Keraniganj","Potato",9,50
"1692dbc9-50cc-4fc0-8259-ab12afa8b12c","f0a655c83df418c338ce9002265022e7",2024-12-21 17:12:54,"Dhaka","Keraniganj","Eggplant",10,50
"1692dbc9-50cc-4fc0-8259-ab12afa8b12c","f0a655c83df418c338ce9002265022e7",2024-12-21 17:12:54,"Dhaka","Keraniganj","Onion",11,90
"16ea9f01-576f-48d0-bca4-3fbe0172936c",NA,2025-01-23 16:00:02,"Rajshahi","Boalia","Eggs",7,45
"19b375a0-13f7-4f6d-b49d-beda2e3ff268","fe131476aa453d8177177dbc868e8265",2024-12-15 12:52:58,"Rajshahi","Matihar","Rice",1,60
"19b375a0-13f7-4f6d-b49d-beda2e3ff268","fe131476aa453d8177177dbc868e8265",2024-12-15 12:52:58,"Rajshahi","Matihar","Lentil",3,110
"19b375a0-13f7-4f6d-b49d-beda2e3ff268","fe131476aa453d8177177dbc868e8265",2024-12-15 12:52:58,"Rajshahi","Matihar","Soybean Oil",4,190
"19b375a0-13f7-4f6d-b49d-beda2e3ff268","fe131476aa453d8177177dbc868e8265",2024-12-15 12:52:58,"Rajshahi","Matihar","Salt",5,40
"19b375a0-13f7-4f6d-b49d-beda2e3ff268","fe131476aa453d8177177dbc868e8265",2024-12-15 12:52:58,"Rajshahi","Matihar","Eggs",7,44
"19b375a0-13f7-4f6d-b49d-beda2e3ff268","fe131476aa453d8177177dbc868e8265",2024-12-15 12:52:58,"Rajshahi","Matihar","Chicken",8,175
"19b375a0-13f7-4f6d-b49d-beda2e3ff268","fe131476aa453d8177177dbc868e8265",2024-12-15 12:52:58,"Rajshahi","Matihar","Potato",9,80
"19b375a0-13f7-4f6d-b49d-beda2e3ff268","fe131476aa453d8177177dbc868e8265",2024-12-15 12:52:58,"Rajshahi","Matihar","Onion",11,100
"19b375a0-13f7-4f6d-b49d-beda2e3ff268","fe131476aa453d8177177dbc868e8265",2024-12-15 12:52:58,"Rajshahi","Matihar","Green Chilli",12,100
"1f2399f8-df23-4ade-9d85-fe0ef90581d5","2121cd939eb18e4942dc891e4d49dd06",2024-12-29 10:55:11,"Naogaon","Dhamoirhat","Eggs",7,48
"228625d6-bc6c-4776-b20b-8ac43923c8d2","24d4f26a0359322aa9de9b83d25d2875",2024-12-02 12:06:00,"Dhaka","Mohammadpur","Rice",1,73
"228625d6-bc6c-4776-b20b-8ac43923c8d2","24d4f26a0359322aa9de9b83d25d2875",2024-12-02 12:06:00,"Dhaka","Mohammadpur","Flour",2,60
"228625d6-bc6c-4776-b20b-8ac43923c8d2","24d4f26a0359322aa9de9b83d25d2875",2024-12-02 12:06:00,"Dhaka","Mohammadpur","Lentil",3,155
"228625d6-bc6c-4776-b20b-8ac43923c8d2","24d4f26a0359322aa9de9b83d25d2875",2024-12-02 12:06:00,"Dhaka","Mohammadpur","Soybean Oil",4,167
"228625d6-bc6c-4776-b20b-8ac43923c8d2","24d4f26a0359322aa9de9b83d25d2875",2024-12-02 12:06:00,"Dhaka","Mohammadpur","Salt",5,42
"228625d6-bc6c-4776-b20b-8ac43923c8d2","24d4f26a0359322aa9de9b83d25d2875",2024-12-02 12:06:00,"Dhaka","Mohammadpur","Eggs",7,50
"228625d6-bc6c-4776-b20b-8ac43923c8d2","24d4f26a0359322aa9de9b83d25d2875",2024-12-02 12:06:00,"Dhaka","Mohammadpur","Potato",9,70
"228625d6-bc6c-4776-b20b-8ac43923c8d2","24d4f26a0359322aa9de9b83d25d2875",2024-12-02 12:06:00,"Dhaka","Mohammadpur","Onion",11,120
"228625d6-bc6c-4776-b20b-8ac43923c8d2","24d4f26a0359322aa9de9b83d25d2875",2024-12-02 12:06:00,"Dhaka","Mohammadpur","Green Chilli",12,100
"2342d437-2ef6-4c6e-a565-9fa566c012c6","7ceac72b25b304a7f5f0783c2498e89a",2024-12-23 02:51:21,"Dhaka","Adabor","Chicken",8,200
"2342d437-2ef6-4c6e-a565-9fa566c012c6","7ceac72b25b304a7f5f0783c2498e89a",2024-12-23 02:51:21,"Dhaka","Adabor","Potato",9,80
"23469788-b09a-47ac-b461-134b6363aa58","2121cd939eb18e4942dc891e4d49dd06",2024-12-20 08:21:58,"Rajshahi","Boalia","Soybean Oil",4,170
"23469788-b09a-47ac-b461-134b6363aa58","2121cd939eb18e4942dc891e4d49dd06",2024-12-20 08:21:58,"Rajshahi","Boalia","Chicken",8,180
"23469788-b09a-47ac-b461-134b6363aa58","2121cd939eb18e4942dc891e4d49dd06",2024-12-20 08:21:58,"Rajshahi","Boalia","Onion",11,60
"23469788-b09a-47ac-b461-134b6363aa58","2121cd939eb18e4942dc891e4d49dd06",2024-12-20 08:21:58,"Rajshahi","Boalia","Green Chilli",12,60
"251325aa-d7c3-4537-a9c6-aab58951d6b8","2121cd939eb18e4942dc891e4d49dd06",2025-01-06 18:16:21,"Rajshahi","Boalia","Rice",1,78
"251325aa-d7c3-4537-a9c6-aab58951d6b8","2121cd939eb18e4942dc891e4d49dd06",2025-01-06 18:16:21,"Rajshahi","Boalia","Lentil",3,110
"251325aa-d7c3-4537-a9c6-aab58951d6b8","2121cd939eb18e4942dc891e4d49dd06",2025-01-06 18:16:21,"Rajshahi","Boalia","Sugar",6,120
"251325aa-d7c3-4537-a9c6-aab58951d6b8","2121cd939eb18e4942dc891e4d49dd06",2025-01-06 18:16:21,"Rajshahi","Boalia","Eggs",7,40
"251325aa-d7c3-4537-a9c6-aab58951d6b8","2121cd939eb18e4942dc891e4d49dd06",2025-01-06 18:16:21,"Rajshahi","Boalia","Green Chilli",12,60
"2597438d-7052-420a-acaa-ea45a8b61b29",NA,2025-01-19 15:06:32,"Rajshahi","Matihar","Potato",9,30
"2597438d-7052-420a-acaa-ea45a8b61b29",NA,2025-01-19 15:06:32,"Rajshahi","Matihar","Eggplant",10,30
"2597438d-7052-420a-acaa-ea45a8b61b29",NA,2025-01-19 15:06:32,"Rajshahi","Matihar","Onion",11,50
"2597438d-7052-420a-acaa-ea45a8b61b29",NA,2025-01-19 15:06:32,"Rajshahi","Matihar","Green Chilli",12,60
"27584ebd-076f-49fe-af09-15da3d4f75e5","2121cd939eb18e4942dc891e4d49dd06",2025-01-06 18:17:32,"Rajshahi","Boalia","Lentil",3,140
"27584ebd-076f-49fe-af09-15da3d4f75e5","2121cd939eb18e4942dc891e4d49dd06",2025-01-06 18:17:32,"Rajshahi","Boalia","Sugar",6,140
"27584ebd-076f-49fe-af09-15da3d4f75e5","2121cd939eb18e4942dc891e4d49dd06",2025-01-06 18:17:32,"Rajshahi","Boalia","Eggs",7,44
"284e84b7-0256-451a-8419-ccda327a9498","2121cd939eb18e4942dc891e4d49dd06",2024-12-30 11:53:49,"Naogaon","Dhamoirhat","Soybean Oil",4,190
"284e84b7-0256-451a-8419-ccda327a9498","2121cd939eb18e4942dc891e4d49dd06",2024-12-30 11:53:49,"Naogaon","Dhamoirhat","Sugar",6,125
"293f4c95-e57b-473f-8e42-32f43a408828","b1d010371fae7901b9fd0ed15188a671",2024-12-29 15:12:09,"Bogra","Nandigram","Onion",11,50
"298bd292-d46f-45f5-8f07-9e851da59d8d","2121cd939eb18e4942dc891e4d49dd06",2025-01-11 07:35:32,"Rajshahi","Boalia","Rice",1,60
"298bd292-d46f-45f5-8f07-9e851da59d8d","2121cd939eb18e4942dc891e4d49dd06",2025-01-11 07:35:32,"Rajshahi","Boalia","Lentil",3,120
"298bd292-d46f-45f5-8f07-9e851da59d8d","2121cd939eb18e4942dc891e4d49dd06",2025-01-11 07:35:32,"Rajshahi","Boalia","Soybean Oil",4,185
"298bd292-d46f-45f5-8f07-9e851da59d8d","2121cd939eb18e4942dc891e4d49dd06",2025-01-11 07:35:32,"Rajshahi","Boalia","Eggs",7,40
"298bd292-d46f-45f5-8f07-9e851da59d8d","2121cd939eb18e4942dc891e4d49dd06",2025-01-11 07:35:32,"Rajshahi","Boalia","Chicken",8,190
"298bd292-d46f-45f5-8f07-9e851da59d8d","2121cd939eb18e4942dc891e4d49dd06",2025-01-11 07:35:32,"Rajshahi","Boalia","Potato",9,40
"298bd292-d46f-45f5-8f07-9e851da59d8d","2121cd939eb18e4942dc891e4d49dd06",2025-01-11 07:35:32,"Rajshahi","Boalia","Onion",11,50
"298bd292-d46f-45f5-8f07-9e851da59d8d","2121cd939eb18e4942dc891e4d49dd06",2025-01-11 07:35:32,"Rajshahi","Boalia","Green Chilli",12,60
"2a402d5d-568b-44cf-9993-503758745d37","cace0976269890ca006283f9703bae92",2024-12-17 13:37:44,"Jessore","Kotwali","Rice",1,70
"2a796a9f-9e85-4613-b89a-524ba8699a08","592b044c1703d539761e02611764d8ba",2024-12-18 16:12:47,"Rajshahi","Boalia","Rice",1,60
"2a796a9f-9e85-4613-b89a-524ba8699a08","592b044c1703d539761e02611764d8ba",2024-12-18 16:12:47,"Rajshahi","Boalia","Flour",2,45
"2a796a9f-9e85-4613-b89a-524ba8699a08","592b044c1703d539761e02611764d8ba",2024-12-18 16:12:47,"Rajshahi","Boalia","Lentil",3,130
"2a796a9f-9e85-4613-b89a-524ba8699a08","592b044c1703d539761e02611764d8ba",2024-12-18 16:12:47,"Rajshahi","Boalia","Soybean Oil",4,200
"2a796a9f-9e85-4613-b89a-524ba8699a08","592b044c1703d539761e02611764d8ba",2024-12-18 16:12:47,"Rajshahi","Boalia","Salt",5,40
"2a796a9f-9e85-4613-b89a-524ba8699a08","592b044c1703d539761e02611764d8ba",2024-12-18 16:12:47,"Rajshahi","Boalia","Sugar",6,130
"2a796a9f-9e85-4613-b89a-524ba8699a08","592b044c1703d539761e02611764d8ba",2024-12-18 16:12:47,"Rajshahi","Boalia","Eggs",7,46
"2a796a9f-9e85-4613-b89a-524ba8699a08","592b044c1703d539761e02611764d8ba",2024-12-18 16:12:47,"Rajshahi","Boalia","Chicken",8,170
"2a796a9f-9e85-4613-b89a-524ba8699a08","592b044c1703d539761e02611764d8ba",2024-12-18 16:12:47,"Rajshahi","Boalia","Potato",9,80
"2a796a9f-9e85-4613-b89a-524ba8699a08","592b044c1703d539761e02611764d8ba",2024-12-18 16:12:47,"Rajshahi","Boalia","Eggplant",10,70
"2a796a9f-9e85-4613-b89a-524ba8699a08","592b044c1703d539761e02611764d8ba",2024-12-18 16:12:47,"Rajshahi","Boalia","Onion",11,80
"2a796a9f-9e85-4613-b89a-524ba8699a08","592b044c1703d539761e02611764d8ba",2024-12-18 16:12:47,"Rajshahi","Boalia","Green Chilli",12,80
"2c702645-a666-4b1a-a901-07a8f405beb5","2121cd939eb18e4942dc891e4d49dd06",2024-12-13 13:38:38,"Rajshahi","Boalia","Rice",1,60
"2c702645-a666-4b1a-a901-07a8f405beb5","2121cd939eb18e4942dc891e4d49dd06",2024-12-13 13:38:38,"Rajshahi","Boalia","Flour",2,60
"2c702645-a666-4b1a-a901-07a8f405beb5","2121cd939eb18e4942dc891e4d49dd06",2024-12-13 13:38:38,"Rajshahi","Boalia","Lentil",3,110
"2c702645-a666-4b1a-a901-07a8f405beb5","2121cd939eb18e4942dc891e4d49dd06",2024-12-13 13:38:38,"Rajshahi","Boalia","Salt",5,40
"2c702645-a666-4b1a-a901-07a8f405beb5","2121cd939eb18e4942dc891e4d49dd06",2024-12-13 13:38:38,"Rajshahi","Boalia","Eggs",7,48
"2c702645-a666-4b1a-a901-07a8f405beb5","2121cd939eb18e4942dc891e4d49dd06",2024-12-13 13:38:38,"Rajshahi","Boalia","Chicken",8,180
"2c702645-a666-4b1a-a901-07a8f405beb5","2121cd939eb18e4942dc891e4d49dd06",2024-12-13 13:38:38,"Rajshahi","Boalia","Potato",9,100
"2c702645-a666-4b1a-a901-07a8f405beb5","2121cd939eb18e4942dc891e4d49dd06",2024-12-13 13:38:38,"Rajshahi","Boalia","Eggplant",10,50
"2c702645-a666-4b1a-a901-07a8f405beb5","2121cd939eb18e4942dc891e4d49dd06",2024-12-13 13:38:38,"Rajshahi","Boalia","Onion",11,80
"2cded36d-9c5d-49d7-acec-e7ba6d7c0be5","b418c84c822c5c94b4d00209baf0a8ec",2024-12-24 00:57:37,"Cox'S Bazar","Ukhia","Rice",1,65
"2cded36d-9c5d-49d7-acec-e7ba6d7c0be5","b418c84c822c5c94b4d00209baf0a8ec",2024-12-24 00:57:37,"Cox'S Bazar","Ukhia","Flour",2,58
"2cded36d-9c5d-49d7-acec-e7ba6d7c0be5","b418c84c822c5c94b4d00209baf0a8ec",2024-12-24 00:57:37,"Cox'S Bazar","Ukhia","Lentil",3,140
"2cded36d-9c5d-49d7-acec-e7ba6d7c0be5","b418c84c822c5c94b4d00209baf0a8ec",2024-12-24 00:57:37,"Cox'S Bazar","Ukhia","Soybean Oil",4,180
"2cded36d-9c5d-49d7-acec-e7ba6d7c0be5","b418c84c822c5c94b4d00209baf0a8ec",2024-12-24 00:57:37,"Cox'S Bazar","Ukhia","Salt",5,45
"2cded36d-9c5d-49d7-acec-e7ba6d7c0be5","b418c84c822c5c94b4d00209baf0a8ec",2024-12-24 00:57:37,"Cox'S Bazar","Ukhia","Sugar",6,150
"2cded36d-9c5d-49d7-acec-e7ba6d7c0be5","b418c84c822c5c94b4d00209baf0a8ec",2024-12-24 00:57:37,"Cox'S Bazar","Ukhia","Eggs",7,52
"2cded36d-9c5d-49d7-acec-e7ba6d7c0be5","b418c84c822c5c94b4d00209baf0a8ec",2024-12-24 00:57:37,"Cox'S Bazar","Ukhia","Chicken",8,180
"2cded36d-9c5d-49d7-acec-e7ba6d7c0be5","b418c84c822c5c94b4d00209baf0a8ec",2024-12-24 00:57:37,"Cox'S Bazar","Ukhia","Potato",9,70
"2cded36d-9c5d-49d7-acec-e7ba6d7c0be5","b418c84c822c5c94b4d00209baf0a8ec",2024-12-24 00:57:37,"Cox'S Bazar","Ukhia","Eggplant",10,60
"2cded36d-9c5d-49d7-acec-e7ba6d7c0be5","b418c84c822c5c94b4d00209baf0a8ec",2024-12-24 00:57:37,"Cox'S Bazar","Ukhia","Onion",11,90
"2cded36d-9c5d-49d7-acec-e7ba6d7c0be5","b418c84c822c5c94b4d00209baf0a8ec",2024-12-24 00:57:37,"Cox'S Bazar","Ukhia","Green Chilli",12,120
"2cf3ab95-3d0b-4321-8988-a56986ec3fa3","b0fc6421227d3f112057cd5dda376f36",2024-12-26 06:33:06,"Barisal","Babuganj","Rice",1,75
"2cf3ab95-3d0b-4321-8988-a56986ec3fa3","b0fc6421227d3f112057cd5dda376f36",2024-12-26 06:33:06,"Barisal","Babuganj","Flour",2,65
"2cf3ab95-3d0b-4321-8988-a56986ec3fa3","b0fc6421227d3f112057cd5dda376f36",2024-12-26 06:33:06,"Barisal","Babuganj","Lentil",3,110
"2cf3ab95-3d0b-4321-8988-a56986ec3fa3","b0fc6421227d3f112057cd5dda376f36",2024-12-26 06:33:06,"Barisal","Babuganj","Soybean Oil",4,200
"2cf3ab95-3d0b-4321-8988-a56986ec3fa3","b0fc6421227d3f112057cd5dda376f36",2024-12-26 06:33:06,"Barisal","Babuganj","Salt",5,40
"2cf3ab95-3d0b-4321-8988-a56986ec3fa3","b0fc6421227d3f112057cd5dda376f36",2024-12-26 06:33:06,"Barisal","Babuganj","Sugar",6,130
"2cf3ab95-3d0b-4321-8988-a56986ec3fa3","b0fc6421227d3f112057cd5dda376f36",2024-12-26 06:33:06,"Barisal","Babuganj","Eggs",7,50
"2cf3ab95-3d0b-4321-8988-a56986ec3fa3","b0fc6421227d3f112057cd5dda376f36",2024-12-26 06:33:06,"Barisal","Babuganj","Chicken",8,300
"2cf3ab95-3d0b-4321-8988-a56986ec3fa3","b0fc6421227d3f112057cd5dda376f36",2024-12-26 06:33:06,"Barisal","Babuganj","Potato",9,60
"2cf3ab95-3d0b-4321-8988-a56986ec3fa3","b0fc6421227d3f112057cd5dda376f36",2024-12-26 06:33:06,"Barisal","Babuganj","Eggplant",10,60
"2cf3ab95-3d0b-4321-8988-a56986ec3fa3","b0fc6421227d3f112057cd5dda376f36",2024-12-26 06:33:06,"Barisal","Babuganj","Onion",11,90
"2cf3ab95-3d0b-4321-8988-a56986ec3fa3","b0fc6421227d3f112057cd5dda376f36",2024-12-26 06:33:06,"Barisal","Babuganj","Green Chilli",12,60
"30b7eb26-f5ce-4ced-97b9-ca1d5f934ed1","b1d010371fae7901b9fd0ed15188a671",2024-12-31 14:22:09,"Rajshahi","Paba","Onion",11,60
"3305c7f6-1882-4f1c-bc00-dbe1939f3068","886e897b7c9a8a66297d024a696f2c93",2025-01-06 07:33:46,"Gaibandha","Sadullapur","Potato",9,30
"33573d86-2678-4f06-88c1-d51bd635223f","12bc8f52864c56c3dfbd8905a123f20c",2025-01-01 04:14:27,"Rajshahi","Matihar","Rice",1,120
"33573d86-2678-4f06-88c1-d51bd635223f","12bc8f52864c56c3dfbd8905a123f20c",2025-01-01 04:14:27,"Rajshahi","Matihar","Chicken",8,180
"33ae478b-e8ef-4995-a045-a879db0aff08","572d1680512266ab142dd3e235069a1f",2025-01-06 13:17:42,"Rajshahi","Matihar","Eggs",7,45
"33ae478b-e8ef-4995-a045-a879db0aff08","572d1680512266ab142dd3e235069a1f",2025-01-06 13:17:42,"Rajshahi","Matihar","Potato",9,40
"33ae478b-e8ef-4995-a045-a879db0aff08","572d1680512266ab142dd3e235069a1f",2025-01-06 13:17:42,"Rajshahi","Matihar","Onion",11,50
"347a9007-efba-4b6a-a6d1-6d733cde1ce6","71c7f4219426d4441355ae3917e30e92",2025-01-06 16:42:20,"Dhaka","Jatrabari","Rice",1,70
"347a9007-efba-4b6a-a6d1-6d733cde1ce6","71c7f4219426d4441355ae3917e30e92",2025-01-06 16:42:20,"Dhaka","Jatrabari","Eggs",7,45
"347a9007-efba-4b6a-a6d1-6d733cde1ce6","71c7f4219426d4441355ae3917e30e92",2025-01-06 16:42:20,"Dhaka","Jatrabari","Chicken",8,360
"347a9007-efba-4b6a-a6d1-6d733cde1ce6","71c7f4219426d4441355ae3917e30e92",2025-01-06 16:42:20,"Dhaka","Jatrabari","Potato",9,60
"347a9007-efba-4b6a-a6d1-6d733cde1ce6","71c7f4219426d4441355ae3917e30e92",2025-01-06 16:42:20,"Dhaka","Jatrabari","Onion",11,50
"347a9007-efba-4b6a-a6d1-6d733cde1ce6","71c7f4219426d4441355ae3917e30e92",2025-01-06 16:42:20,"Dhaka","Jatrabari","Green Chilli",12,200
"37ff0541-0c37-467a-b06e-c4dfa426cc66","4fae513bd1ff426ef54a61fe24c57671",2024-12-21 17:30:03,"Dinajpur","Dinajpur Sadar","Rice",1,65
"37ff0541-0c37-467a-b06e-c4dfa426cc66","4fae513bd1ff426ef54a61fe24c57671",2024-12-21 17:30:03,"Dinajpur","Dinajpur Sadar","Flour",2,70
"37ff0541-0c37-467a-b06e-c4dfa426cc66","4fae513bd1ff426ef54a61fe24c57671",2024-12-21 17:30:03,"Dinajpur","Dinajpur Sadar","Lentil",3,135
"37ff0541-0c37-467a-b06e-c4dfa426cc66","4fae513bd1ff426ef54a61fe24c57671",2024-12-21 17:30:03,"Dinajpur","Dinajpur Sadar","Soybean Oil",4,165
"37ff0541-0c37-467a-b06e-c4dfa426cc66","4fae513bd1ff426ef54a61fe24c57671",2024-12-21 17:30:03,"Dinajpur","Dinajpur Sadar","Salt",5,42
"37ff0541-0c37-467a-b06e-c4dfa426cc66","4fae513bd1ff426ef54a61fe24c57671",2024-12-21 17:30:03,"Dinajpur","Dinajpur Sadar","Eggs",7,48
"37ff0541-0c37-467a-b06e-c4dfa426cc66","4fae513bd1ff426ef54a61fe24c57671",2024-12-21 17:30:03,"Dinajpur","Dinajpur Sadar","Chicken",8,300
"37ff0541-0c37-467a-b06e-c4dfa426cc66","4fae513bd1ff426ef54a61fe24c57671",2024-12-21 17:30:03,"Dinajpur","Dinajpur Sadar","Potato",9,65
"37ff0541-0c37-467a-b06e-c4dfa426cc66","4fae513bd1ff426ef54a61fe24c57671",2024-12-21 17:30:03,"Dinajpur","Dinajpur Sadar","Eggplant",10,50
"37ff0541-0c37-467a-b06e-c4dfa426cc66","4fae513bd1ff426ef54a61fe24c57671",2024-12-21 17:30:03,"Dinajpur","Dinajpur Sadar","Onion",11,80
"37ff0541-0c37-467a-b06e-c4dfa426cc66","4fae513bd1ff426ef54a61fe24c57671",2024-12-21 17:30:03,"Dinajpur","Dinajpur Sadar","Green Chilli",12,100
"3ba0f00c-3bd4-4756-b488-d1fcaaabc5c4","173dcb872759ee4b05745b23a2e7ae34",2024-12-13 15:26:53,"Bogra","Nandigram","Lentil",3,140
"3ba0f00c-3bd4-4756-b488-d1fcaaabc5c4","173dcb872759ee4b05745b23a2e7ae34",2024-12-13 15:26:53,"Bogra","Nandigram","Soybean Oil",4,185
"3ba0f00c-3bd4-4756-b488-d1fcaaabc5c4","173dcb872759ee4b05745b23a2e7ae34",2024-12-13 15:26:53,"Bogra","Nandigram","Eggs",7,50
"3ba0f00c-3bd4-4756-b488-d1fcaaabc5c4","173dcb872759ee4b05745b23a2e7ae34",2024-12-13 15:26:53,"Bogra","Nandigram","Chicken",8,200
"3ba0f00c-3bd4-4756-b488-d1fcaaabc5c4","173dcb872759ee4b05745b23a2e7ae34",2024-12-13 15:26:53,"Bogra","Nandigram","Potato",9,90
"3ba0f00c-3bd4-4756-b488-d1fcaaabc5c4","173dcb872759ee4b05745b23a2e7ae34",2024-12-13 15:26:53,"Bogra","Nandigram","Onion",11,120
"3bf367ca-4878-4d3c-a462-90fb5c4ce9fb",NA,2025-01-22 09:16:40,"Rajshahi","Matihar","Eggs",7,42
"3bf367ca-4878-4d3c-a462-90fb5c4ce9fb",NA,2025-01-22 09:16:40,"Rajshahi","Matihar","Potato",9,30
"3bf367ca-4878-4d3c-a462-90fb5c4ce9fb",NA,2025-01-22 09:16:40,"Rajshahi","Matihar","Eggplant",10,30
"3bf367ca-4878-4d3c-a462-90fb5c4ce9fb",NA,2025-01-22 09:16:40,"Rajshahi","Matihar","Onion",11,40
"3bf367ca-4878-4d3c-a462-90fb5c4ce9fb",NA,2025-01-22 09:16:40,"Rajshahi","Matihar","Green Chilli",12,50
"3d87201b-4b22-48f8-a1b9-2d0855a5667b","99bb15d88bd10d920ac1935d4178f920",2024-12-18 15:20:59,"Rangpur","Kotwali","Rice",1,78
"3d87201b-4b22-48f8-a1b9-2d0855a5667b","99bb15d88bd10d920ac1935d4178f920",2024-12-18 15:20:59,"Rangpur","Kotwali","Flour",2,70
"3d87201b-4b22-48f8-a1b9-2d0855a5667b","99bb15d88bd10d920ac1935d4178f920",2024-12-18 15:20:59,"Rangpur","Kotwali","Lentil",3,120
"3d87201b-4b22-48f8-a1b9-2d0855a5667b","99bb15d88bd10d920ac1935d4178f920",2024-12-18 15:20:59,"Rangpur","Kotwali","Soybean Oil",4,210
"3d87201b-4b22-48f8-a1b9-2d0855a5667b","99bb15d88bd10d920ac1935d4178f920",2024-12-18 15:20:59,"Rangpur","Kotwali","Salt",5,40
"3d87201b-4b22-48f8-a1b9-2d0855a5667b","99bb15d88bd10d920ac1935d4178f920",2024-12-18 15:20:59,"Rangpur","Kotwali","Sugar",6,136
"3d87201b-4b22-48f8-a1b9-2d0855a5667b","99bb15d88bd10d920ac1935d4178f920",2024-12-18 15:20:59,"Rangpur","Kotwali","Eggs",7,46
"3d87201b-4b22-48f8-a1b9-2d0855a5667b","99bb15d88bd10d920ac1935d4178f920",2024-12-18 15:20:59,"Rangpur","Kotwali","Chicken",8,225
"3d87201b-4b22-48f8-a1b9-2d0855a5667b","99bb15d88bd10d920ac1935d4178f920",2024-12-18 15:20:59,"Rangpur","Kotwali","Potato",9,75
"3d87201b-4b22-48f8-a1b9-2d0855a5667b","99bb15d88bd10d920ac1935d4178f920",2024-12-18 15:20:59,"Rangpur","Kotwali","Onion",11,120
"40312a4f-b0d3-40af-b0a3-6418bc78561b","886e897b7c9a8a66297d024a696f2c93",2025-01-08 13:21:35,"Gaibandha","Sadullapur","Eggs",7,50
"42b237c2-4fe3-489e-8d23-bdfc381a31cf","886e897b7c9a8a66297d024a696f2c93",2024-12-17 04:42:32,"Bandarban","Alikadam","Rice",1,52
"42b237c2-4fe3-489e-8d23-bdfc381a31cf","886e897b7c9a8a66297d024a696f2c93",2024-12-17 04:42:32,"Bandarban","Alikadam","Lentil",3,120
"42b237c2-4fe3-489e-8d23-bdfc381a31cf","886e897b7c9a8a66297d024a696f2c93",2024-12-17 04:42:32,"Bandarban","Alikadam","Soybean Oil",4,200
"42b237c2-4fe3-489e-8d23-bdfc381a31cf","886e897b7c9a8a66297d024a696f2c93",2024-12-17 04:42:32,"Bandarban","Alikadam","Salt",5,50
"42b237c2-4fe3-489e-8d23-bdfc381a31cf","886e897b7c9a8a66297d024a696f2c93",2024-12-17 04:42:32,"Bandarban","Alikadam","Sugar",6,140
"42b237c2-4fe3-489e-8d23-bdfc381a31cf","886e897b7c9a8a66297d024a696f2c93",2024-12-17 04:42:32,"Bandarban","Alikadam","Eggs",7,52
"42b237c2-4fe3-489e-8d23-bdfc381a31cf","886e897b7c9a8a66297d024a696f2c93",2024-12-17 04:42:32,"Bandarban","Alikadam","Potato",9,80
"42b237c2-4fe3-489e-8d23-bdfc381a31cf","886e897b7c9a8a66297d024a696f2c93",2024-12-17 04:42:32,"Bandarban","Alikadam","Eggplant",10,50
"42b237c2-4fe3-489e-8d23-bdfc381a31cf","886e897b7c9a8a66297d024a696f2c93",2024-12-17 04:42:32,"Bandarban","Alikadam","Onion",11,220
"42b237c2-4fe3-489e-8d23-bdfc381a31cf","886e897b7c9a8a66297d024a696f2c93",2024-12-17 04:42:32,"Bandarban","Alikadam","Green Chilli",12,60
"4646cc18-0584-4ac0-a3b3-3dfb41199a31","3d23abb363856a27c7601fd6672bd5c0",2024-12-19 14:57:45,"Rajshahi","Durgapur","Rice",1,68
"4646cc18-0584-4ac0-a3b3-3dfb41199a31","3d23abb363856a27c7601fd6672bd5c0",2024-12-19 14:57:45,"Rajshahi","Durgapur","Flour",2,60
"4646cc18-0584-4ac0-a3b3-3dfb41199a31","3d23abb363856a27c7601fd6672bd5c0",2024-12-19 14:57:45,"Rajshahi","Durgapur","Lentil",3,130
"4646cc18-0584-4ac0-a3b3-3dfb41199a31","3d23abb363856a27c7601fd6672bd5c0",2024-12-19 14:57:45,"Rajshahi","Durgapur","Soybean Oil",4,180
"4646cc18-0584-4ac0-a3b3-3dfb41199a31","3d23abb363856a27c7601fd6672bd5c0",2024-12-19 14:57:45,"Rajshahi","Durgapur","Salt",5,40
"4646cc18-0584-4ac0-a3b3-3dfb41199a31","3d23abb363856a27c7601fd6672bd5c0",2024-12-19 14:57:45,"Rajshahi","Durgapur","Sugar",6,130
"4646cc18-0584-4ac0-a3b3-3dfb41199a31","3d23abb363856a27c7601fd6672bd5c0",2024-12-19 14:57:45,"Rajshahi","Durgapur","Eggs",7,48
"4646cc18-0584-4ac0-a3b3-3dfb41199a31","3d23abb363856a27c7601fd6672bd5c0",2024-12-19 14:57:45,"Rajshahi","Durgapur","Chicken",8,200
"4646cc18-0584-4ac0-a3b3-3dfb41199a31","3d23abb363856a27c7601fd6672bd5c0",2024-12-19 14:57:45,"Rajshahi","Durgapur","Potato",9,90
"4646cc18-0584-4ac0-a3b3-3dfb41199a31","3d23abb363856a27c7601fd6672bd5c0",2024-12-19 14:57:45,"Rajshahi","Durgapur","Eggplant",10,60
"4646cc18-0584-4ac0-a3b3-3dfb41199a31","3d23abb363856a27c7601fd6672bd5c0",2024-12-19 14:57:45,"Rajshahi","Durgapur","Onion",11,80
"4646cc18-0584-4ac0-a3b3-3dfb41199a31","3d23abb363856a27c7601fd6672bd5c0",2024-12-19 14:57:45,"Rajshahi","Durgapur","Green Chilli",12,80
"480aa88e-3f5a-4313-aa1e-776f50b9c5fe",NA,2025-01-23 13:39:21,"Rajshahi","Durgapur","Flour",2,50
"480aa88e-3f5a-4313-aa1e-776f50b9c5fe",NA,2025-01-23 13:39:21,"Rajshahi","Durgapur","Lentil",3,125
"480aa88e-3f5a-4313-aa1e-776f50b9c5fe",NA,2025-01-23 13:39:21,"Rajshahi","Durgapur","Potato",9,25
"480aa88e-3f5a-4313-aa1e-776f50b9c5fe",NA,2025-01-23 13:39:21,"Rajshahi","Durgapur","Eggplant",10,30
"480aa88e-3f5a-4313-aa1e-776f50b9c5fe",NA,2025-01-23 13:39:21,"Rajshahi","Durgapur","Green Chilli",12,40
"4991e9a2-2be9-4a0a-8cf5-773e72cc80da","3664914227ca01da8f9ef9f8beafd0de",2024-12-25 16:15:58,"Magura","Sreepur","Eggs",7,48
"4a96ae63-a93f-4830-bf9d-c4503b1389f1","12bc8f52864c56c3dfbd8905a123f20c",2024-12-27 09:21:19,"Rajshahi","Boalia","Green Chilli",12,60
"4b70b4b2-58d2-4f92-9928-5f68d51a08a1","12bc8f52864c56c3dfbd8905a123f20c",2025-01-01 04:36:59,"Rajshahi","Matihar","Potato",9,50
"4b70b4b2-58d2-4f92-9928-5f68d51a08a1","12bc8f52864c56c3dfbd8905a123f20c",2025-01-01 04:36:59,"Rajshahi","Matihar","Onion",11,80
"4c601c50-6e7f-4941-8ade-217b5a40b9c8",NA,2025-01-20 15:53:09,"Rajshahi","Matihar","Rice",1,70
"4d1f467c-3005-4609-a1d6-f0ae817142f8","4fae513bd1ff426ef54a61fe24c57671",2024-12-19 10:35:24,"Dinajpur","Nawabganj","Lentil",3,130
"4d1f467c-3005-4609-a1d6-f0ae817142f8","4fae513bd1ff426ef54a61fe24c57671",2024-12-19 10:35:24,"Dinajpur","Nawabganj","Soybean Oil",4,195
"4d1f467c-3005-4609-a1d6-f0ae817142f8","4fae513bd1ff426ef54a61fe24c57671",2024-12-19 10:35:24,"Dinajpur","Nawabganj","Sugar",6,130
"4d1f467c-3005-4609-a1d6-f0ae817142f8","4fae513bd1ff426ef54a61fe24c57671",2024-12-19 10:35:24,"Dinajpur","Nawabganj","Eggs",7,48
"4d1f467c-3005-4609-a1d6-f0ae817142f8","4fae513bd1ff426ef54a61fe24c57671",2024-12-19 10:35:24,"Dinajpur","Nawabganj","Chicken",8,180
"4d1f467c-3005-4609-a1d6-f0ae817142f8","4fae513bd1ff426ef54a61fe24c57671",2024-12-19 10:35:24,"Dinajpur","Nawabganj","Potato",9,80
"4d1f467c-3005-4609-a1d6-f0ae817142f8","4fae513bd1ff426ef54a61fe24c57671",2024-12-19 10:35:24,"Dinajpur","Nawabganj","Eggplant",10,50
"4d1f467c-3005-4609-a1d6-f0ae817142f8","4fae513bd1ff426ef54a61fe24c57671",2024-12-19 10:35:24,"Dinajpur","Nawabganj","Onion",11,80
"4d1f467c-3005-4609-a1d6-f0ae817142f8","4fae513bd1ff426ef54a61fe24c57671",2024-12-19 10:35:24,"Dinajpur","Nawabganj","Green Chilli",12,80
"5143d867-9747-43b1-9550-ca01d9a30337","2b8427508a9e3bcf9e579578f6629e08",2024-12-15 17:41:04,"Rajshahi","Boalia","Rice",1,160
"51af0feb-b78e-4085-ac2c-85fecf7455b2","7559c00b13f4d46fd982b2b182878f9f",2024-12-18 09:40:45,"Dhaka","Mohammadpur","Soybean Oil",4,175
"51af0feb-b78e-4085-ac2c-85fecf7455b2","7559c00b13f4d46fd982b2b182878f9f",2024-12-18 09:40:45,"Dhaka","Mohammadpur","Eggs",7,45
"51af0feb-b78e-4085-ac2c-85fecf7455b2","7559c00b13f4d46fd982b2b182878f9f",2024-12-18 09:40:45,"Dhaka","Mohammadpur","Potato",9,80
"51af0feb-b78e-4085-ac2c-85fecf7455b2","7559c00b13f4d46fd982b2b182878f9f",2024-12-18 09:40:45,"Dhaka","Mohammadpur","Onion",11,100
"530c13f4-970d-44c1-be15-77bf2ede0186","2121cd939eb18e4942dc891e4d49dd06",2024-12-30 11:58:39,"Naogaon","Dhamoirhat","Chicken",8,170
"530c13f4-970d-44c1-be15-77bf2ede0186","2121cd939eb18e4942dc891e4d49dd06",2024-12-30 11:58:39,"Naogaon","Dhamoirhat","Potato",9,40
"530c13f4-970d-44c1-be15-77bf2ede0186","2121cd939eb18e4942dc891e4d49dd06",2024-12-30 11:58:39,"Naogaon","Dhamoirhat","Eggplant",10,30
"530c13f4-970d-44c1-be15-77bf2ede0186","2121cd939eb18e4942dc891e4d49dd06",2024-12-30 11:58:39,"Naogaon","Dhamoirhat","Onion",11,50
"530c13f4-970d-44c1-be15-77bf2ede0186","2121cd939eb18e4942dc891e4d49dd06",2024-12-30 11:58:39,"Naogaon","Dhamoirhat","Green Chilli",12,60
"5615b6f1-58b4-4cbd-b9dd-f76bc97a667d","b1d010371fae7901b9fd0ed15188a671",2025-01-01 10:11:50,"Rajshahi","Paba","Rice",1,72
"5615b6f1-58b4-4cbd-b9dd-f76bc97a667d","b1d010371fae7901b9fd0ed15188a671",2025-01-01 10:11:50,"Rajshahi","Paba","Soybean Oil",4,180
"58290cb7-b2b8-4973-9514-7eb921d72040",NA,2025-01-19 14:46:21,"Dinajpur","Dinajpur Sadar","Rice",1,80
"58290cb7-b2b8-4973-9514-7eb921d72040",NA,2025-01-19 14:46:21,"Dinajpur","Dinajpur Sadar","Potato",9,20
"58d9c42c-1188-46c3-a71e-6e260525d418","32b27bb857f6895822425dd993bb2ba0",2024-12-26 05:57:29,"Rajshahi","Matihar","Rice",1,75
"58d9c42c-1188-46c3-a71e-6e260525d418","32b27bb857f6895822425dd993bb2ba0",2024-12-26 05:57:29,"Rajshahi","Matihar","Flour",2,40
"58d9c42c-1188-46c3-a71e-6e260525d418","32b27bb857f6895822425dd993bb2ba0",2024-12-26 05:57:29,"Rajshahi","Matihar","Lentil",3,130
"58d9c42c-1188-46c3-a71e-6e260525d418","32b27bb857f6895822425dd993bb2ba0",2024-12-26 05:57:29,"Rajshahi","Matihar","Soybean Oil",4,170
"58d9c42c-1188-46c3-a71e-6e260525d418","32b27bb857f6895822425dd993bb2ba0",2024-12-26 05:57:29,"Rajshahi","Matihar","Salt",5,40
"58d9c42c-1188-46c3-a71e-6e260525d418","32b27bb857f6895822425dd993bb2ba0",2024-12-26 05:57:29,"Rajshahi","Matihar","Sugar",6,130
"58d9c42c-1188-46c3-a71e-6e260525d418","32b27bb857f6895822425dd993bb2ba0",2024-12-26 05:57:29,"Rajshahi","Matihar","Eggs",7,45
"58d9c42c-1188-46c3-a71e-6e260525d418","32b27bb857f6895822425dd993bb2ba0",2024-12-26 05:57:29,"Rajshahi","Matihar","Chicken",8,160
"58d9c42c-1188-46c3-a71e-6e260525d418","32b27bb857f6895822425dd993bb2ba0",2024-12-26 05:57:29,"Rajshahi","Matihar","Potato",9,60
"58d9c42c-1188-46c3-a71e-6e260525d418","32b27bb857f6895822425dd993bb2ba0",2024-12-26 05:57:29,"Rajshahi","Matihar","Eggplant",10,40
"58d9c42c-1188-46c3-a71e-6e260525d418","32b27bb857f6895822425dd993bb2ba0",2024-12-26 05:57:29,"Rajshahi","Matihar","Onion",11,60
"58d9c42c-1188-46c3-a71e-6e260525d418","32b27bb857f6895822425dd993bb2ba0",2024-12-26 05:57:29,"Rajshahi","Matihar","Green Chilli",12,80
"5b25d21d-8238-4d78-8a27-6e6581528919","12bc8f52864c56c3dfbd8905a123f20c",2024-12-13 16:01:51,"Bhola","Bhola Sadar","Lentil",3,130
"5d0795f4-945c-426d-bb2a-7cae96d8c949","12bc8f52864c56c3dfbd8905a123f20c",2024-12-13 15:57:30,"Bhola","Bhola Sadar","Potato",9,100
"6018b470-99a4-4d27-b1d3-a3d7b4181290","f3798a91ad0d80d42d9454a067bf8e79",2024-12-20 12:24:06,"Naogaon","Naogaon Sadar","Rice",1,70
"6018b470-99a4-4d27-b1d3-a3d7b4181290","f3798a91ad0d80d42d9454a067bf8e79",2024-12-20 12:24:06,"Naogaon","Naogaon Sadar","Lentil",3,130
"6018b470-99a4-4d27-b1d3-a3d7b4181290","f3798a91ad0d80d42d9454a067bf8e79",2024-12-20 12:24:06,"Naogaon","Naogaon Sadar","Potato",9,70
"6018b470-99a4-4d27-b1d3-a3d7b4181290","f3798a91ad0d80d42d9454a067bf8e79",2024-12-20 12:24:06,"Naogaon","Naogaon Sadar","Onion",11,80
"6018b470-99a4-4d27-b1d3-a3d7b4181290","f3798a91ad0d80d42d9454a067bf8e79",2024-12-20 12:24:06,"Naogaon","Naogaon Sadar","Green Chilli",12,80
"60aae71e-0c12-4b5b-9f6c-f54e785a373b","2121cd939eb18e4942dc891e4d49dd06",2025-01-01 09:27:48,"Naogaon","Dhamoirhat","Lentil",3,120
"64d52195-28e0-47d5-8271-59389ac9335a","173dcb872759ee4b05745b23a2e7ae34",2024-12-28 12:29:12,"Bogra","Nandigram","Flour",2,60
"64d52195-28e0-47d5-8271-59389ac9335a","173dcb872759ee4b05745b23a2e7ae34",2024-12-28 12:29:12,"Bogra","Nandigram","Lentil",3,140
"64d52195-28e0-47d5-8271-59389ac9335a","173dcb872759ee4b05745b23a2e7ae34",2024-12-28 12:29:12,"Bogra","Nandigram","Soybean Oil",4,200
"64d52195-28e0-47d5-8271-59389ac9335a","173dcb872759ee4b05745b23a2e7ae34",2024-12-28 12:29:12,"Bogra","Nandigram","Salt",5,40
"64d52195-28e0-47d5-8271-59389ac9335a","173dcb872759ee4b05745b23a2e7ae34",2024-12-28 12:29:12,"Bogra","Nandigram","Sugar",6,130
"64d52195-28e0-47d5-8271-59389ac9335a","173dcb872759ee4b05745b23a2e7ae34",2024-12-28 12:29:12,"Bogra","Nandigram","Potato",9,65
"64d52195-28e0-47d5-8271-59389ac9335a","173dcb872759ee4b05745b23a2e7ae34",2024-12-28 12:29:12,"Bogra","Nandigram","Onion",11,50
"64d52195-28e0-47d5-8271-59389ac9335a","173dcb872759ee4b05745b23a2e7ae34",2024-12-28 12:29:12,"Bogra","Nandigram","Green Chilli",12,60
"6a539172-27a7-45b7-bdae-66d2d092c2f0","2121cd939eb18e4942dc891e4d49dd06",2024-12-30 12:00:42,"Naogaon","Dhamoirhat","Chicken",8,280
"6a539172-27a7-45b7-bdae-66d2d092c2f0","2121cd939eb18e4942dc891e4d49dd06",2024-12-30 12:00:42,"Naogaon","Dhamoirhat","Potato",9,50
"6b7483a2-25c7-4fa9-864e-4b5545bb1783","173dcb872759ee4b05745b23a2e7ae34",2024-11-30 23:32:19,"Dhaka","Adabor","Rice",1,67
"6b7483a2-25c7-4fa9-864e-4b5545bb1783","173dcb872759ee4b05745b23a2e7ae34",2024-11-30 23:32:19,"Dhaka","Adabor","Soybean Oil",4,167
"6d739741-5108-411d-9a2f-8f3b89a52e92",NA,2025-01-18 18:45:55,"Rajshahi","Matihar","Potato",9,30
"6d739741-5108-411d-9a2f-8f3b89a52e92",NA,2025-01-18 18:45:55,"Rajshahi","Matihar","Onion",11,50
"6de5f703-9fc2-4bdf-863c-082b06c818e2","2121cd939eb18e4942dc891e4d49dd06",2025-01-11 07:39:08,"Rajshahi","Boalia","Chicken",8,310
"6f9c47ca-db9d-47ce-a94b-358fc491b934","2121cd939eb18e4942dc891e4d49dd06",2025-01-07 17:42:32,"Rajshahi","Boalia","Eggs",7,44
"70f25470-7afe-4eca-a9ac-0e4ed3bbecce","def257dca811221bae96896a448afced",2024-12-13 10:25:14,"Naogaon","Mahadebpur","Rice",1,80
"70f25470-7afe-4eca-a9ac-0e4ed3bbecce","def257dca811221bae96896a448afced",2024-12-13 10:25:14,"Naogaon","Mahadebpur","Soybean Oil",4,190
"70f25470-7afe-4eca-a9ac-0e4ed3bbecce","def257dca811221bae96896a448afced",2024-12-13 10:25:14,"Naogaon","Mahadebpur","Salt",5,60
"71c3316e-9cfb-4e4c-bf4b-7de9c2acd876","2121cd939eb18e4942dc891e4d49dd06",2024-12-13 13:34:52,"Rajshahi","Boalia","Rice",1,85
"71c3316e-9cfb-4e4c-bf4b-7de9c2acd876","2121cd939eb18e4942dc891e4d49dd06",2024-12-13 13:34:52,"Rajshahi","Boalia","Flour",2,48
"71c3316e-9cfb-4e4c-bf4b-7de9c2acd876","2121cd939eb18e4942dc891e4d49dd06",2024-12-13 13:34:52,"Rajshahi","Boalia","Lentil",3,105
"71c3316e-9cfb-4e4c-bf4b-7de9c2acd876","2121cd939eb18e4942dc891e4d49dd06",2024-12-13 13:34:52,"Rajshahi","Boalia","Soybean Oil",4,170
"71c3316e-9cfb-4e4c-bf4b-7de9c2acd876","2121cd939eb18e4942dc891e4d49dd06",2024-12-13 13:34:52,"Rajshahi","Boalia","Salt",5,25
"71c3316e-9cfb-4e4c-bf4b-7de9c2acd876","2121cd939eb18e4942dc891e4d49dd06",2024-12-13 13:34:52,"Rajshahi","Boalia","Sugar",6,128
"71c3316e-9cfb-4e4c-bf4b-7de9c2acd876","2121cd939eb18e4942dc891e4d49dd06",2024-12-13 13:34:52,"Rajshahi","Boalia","Eggs",7,46
"71c3316e-9cfb-4e4c-bf4b-7de9c2acd876","2121cd939eb18e4942dc891e4d49dd06",2024-12-13 13:34:52,"Rajshahi","Boalia","Chicken",8,290
"71c3316e-9cfb-4e4c-bf4b-7de9c2acd876","2121cd939eb18e4942dc891e4d49dd06",2024-12-13 13:34:52,"Rajshahi","Boalia","Potato",9,120
"71c3316e-9cfb-4e4c-bf4b-7de9c2acd876","2121cd939eb18e4942dc891e4d49dd06",2024-12-13 13:34:52,"Rajshahi","Boalia","Eggplant",10,60
"71c3316e-9cfb-4e4c-bf4b-7de9c2acd876","2121cd939eb18e4942dc891e4d49dd06",2024-12-13 13:34:52,"Rajshahi","Boalia","Onion",11,70
"71c3316e-9cfb-4e4c-bf4b-7de9c2acd876","2121cd939eb18e4942dc891e4d49dd06",2024-12-13 13:34:52,"Rajshahi","Boalia","Green Chilli",12,80
"76960816-b2b4-4cbc-8d7e-8543286948a2","12bc8f52864c56c3dfbd8905a123f20c",2024-12-13 15:40:49,"Rajshahi","Rajpara","Green Chilli",12,150
"772e81bd-257d-4bef-bab0-e2ed3ebd3340","c15251cff68faccf4b27b37e8eb11447",2025-01-16 14:44:49,"Rajshahi","Boalia","Flour",2,60
"772e81bd-257d-4bef-bab0-e2ed3ebd3340","c15251cff68faccf4b27b37e8eb11447",2025-01-16 14:44:49,"Rajshahi","Boalia","Lentil",3,130
"772e81bd-257d-4bef-bab0-e2ed3ebd3340","c15251cff68faccf4b27b37e8eb11447",2025-01-16 14:44:49,"Rajshahi","Boalia","Soybean Oil",4,180
"772e81bd-257d-4bef-bab0-e2ed3ebd3340","c15251cff68faccf4b27b37e8eb11447",2025-01-16 14:44:49,"Rajshahi","Boalia","Salt",5,40
"772e81bd-257d-4bef-bab0-e2ed3ebd3340","c15251cff68faccf4b27b37e8eb11447",2025-01-16 14:44:49,"Rajshahi","Boalia","Sugar",6,130
"772e81bd-257d-4bef-bab0-e2ed3ebd3340","c15251cff68faccf4b27b37e8eb11447",2025-01-16 14:44:49,"Rajshahi","Boalia","Eggs",7,44
"772e81bd-257d-4bef-bab0-e2ed3ebd3340","c15251cff68faccf4b27b37e8eb11447",2025-01-16 14:44:49,"Rajshahi","Boalia","Chicken",8,180
"772e81bd-257d-4bef-bab0-e2ed3ebd3340","c15251cff68faccf4b27b37e8eb11447",2025-01-16 14:44:49,"Rajshahi","Boalia","Potato",9,30
"772e81bd-257d-4bef-bab0-e2ed3ebd3340","c15251cff68faccf4b27b37e8eb11447",2025-01-16 14:44:49,"Rajshahi","Boalia","Eggplant",10,30
"772e81bd-257d-4bef-bab0-e2ed3ebd3340","c15251cff68faccf4b27b37e8eb11447",2025-01-16 14:44:49,"Rajshahi","Boalia","Onion",11,40
"772e81bd-257d-4bef-bab0-e2ed3ebd3340","c15251cff68faccf4b27b37e8eb11447",2025-01-16 14:44:49,"Rajshahi","Boalia","Green Chilli",12,40
"77665678-3463-40de-8b47-87e68647e7fa","572d1680512266ab142dd3e235069a1f",2024-12-31 15:55:12,"Rajshahi","Matihar","Potato",9,50
"77665678-3463-40de-8b47-87e68647e7fa","572d1680512266ab142dd3e235069a1f",2024-12-31 15:55:12,"Rajshahi","Matihar","Onion",11,50
"77665678-3463-40de-8b47-87e68647e7fa","572d1680512266ab142dd3e235069a1f",2024-12-31 15:55:12,"Rajshahi","Matihar","Green Chilli",12,60
"7796c340-1004-4a0d-a51e-164e321a58fb","dba26acade9e3f74e95aacca32cb7e9d",2024-12-31 16:02:16,"Naogaon","Dhamoirhat","Salt",5,40
"7796c340-1004-4a0d-a51e-164e321a58fb","dba26acade9e3f74e95aacca32cb7e9d",2024-12-31 16:02:16,"Naogaon","Dhamoirhat","Sugar",6,125
"7796c340-1004-4a0d-a51e-164e321a58fb","dba26acade9e3f74e95aacca32cb7e9d",2024-12-31 16:02:16,"Naogaon","Dhamoirhat","Eggs",7,48
"7808194f-0787-4735-81db-cc8f905559ac","8dfcd663955096c2ed95e02e2efc5591",2024-12-30 13:22:43,"Rajshahi","Matihar","Chicken",8,180
"7d4863e1-f637-4501-b6e1-3462cd9323cc","2121cd939eb18e4942dc891e4d49dd06",2025-01-12 17:53:43,"Rajshahi","Boalia","Eggs",7,48
"7ea59c49-0737-4411-97e2-8ec773c796ef","c15251cff68faccf4b27b37e8eb11447",2024-12-29 15:52:17,"Rajshahi","Boalia","Eggplant",10,40
"7ea59c49-0737-4411-97e2-8ec773c796ef","c15251cff68faccf4b27b37e8eb11447",2024-12-29 15:52:17,"Rajshahi","Boalia","Green Chilli",12,80
"7fd736ed-591b-4c8e-b74b-8fe4ada61ca8",NA,2025-01-20 15:41:11,"Rajshahi","Matihar","Rice",1,55
"7fd736ed-591b-4c8e-b74b-8fe4ada61ca8",NA,2025-01-20 15:41:11,"Rajshahi","Matihar","Eggs",7,42
"7fd736ed-591b-4c8e-b74b-8fe4ada61ca8",NA,2025-01-20 15:41:11,"Rajshahi","Matihar","Potato",9,30
"7fd736ed-591b-4c8e-b74b-8fe4ada61ca8",NA,2025-01-20 15:41:11,"Rajshahi","Matihar","Eggplant",10,30
"7fd736ed-591b-4c8e-b74b-8fe4ada61ca8",NA,2025-01-20 15:41:11,"Rajshahi","Matihar","Onion",11,45
"7fd736ed-591b-4c8e-b74b-8fe4ada61ca8",NA,2025-01-20 15:41:11,"Rajshahi","Matihar","Green Chilli",12,45
"802d4279-8756-4136-8623-64916901f86e","12bc8f52864c56c3dfbd8905a123f20c",2024-12-13 12:46:24,"Rajshahi","Matihar","Flour",2,56
"81599a56-3da4-43f1-945f-960462cd7a7b","2e714926004c88ebae4732420decc6ad",2024-12-13 18:25:03,"Rajshahi","Matihar","Rice",1,70
"81599a56-3da4-43f1-945f-960462cd7a7b","2e714926004c88ebae4732420decc6ad",2024-12-13 18:25:03,"Rajshahi","Matihar","Flour",2,44
"81599a56-3da4-43f1-945f-960462cd7a7b","2e714926004c88ebae4732420decc6ad",2024-12-13 18:25:03,"Rajshahi","Matihar","Lentil",3,120
"81599a56-3da4-43f1-945f-960462cd7a7b","2e714926004c88ebae4732420decc6ad",2024-12-13 18:25:03,"Rajshahi","Matihar","Soybean Oil",4,170
"81599a56-3da4-43f1-945f-960462cd7a7b","2e714926004c88ebae4732420decc6ad",2024-12-13 18:25:03,"Rajshahi","Matihar","Salt",5,42
"81599a56-3da4-43f1-945f-960462cd7a7b","2e714926004c88ebae4732420decc6ad",2024-12-13 18:25:03,"Rajshahi","Matihar","Sugar",6,125
"81599a56-3da4-43f1-945f-960462cd7a7b","2e714926004c88ebae4732420decc6ad",2024-12-13 18:25:03,"Rajshahi","Matihar","Eggs",7,46
"81599a56-3da4-43f1-945f-960462cd7a7b","2e714926004c88ebae4732420decc6ad",2024-12-13 18:25:03,"Rajshahi","Matihar","Chicken",8,160
"81599a56-3da4-43f1-945f-960462cd7a7b","2e714926004c88ebae4732420decc6ad",2024-12-13 18:25:03,"Rajshahi","Matihar","Potato",9,75
"81599a56-3da4-43f1-945f-960462cd7a7b","2e714926004c88ebae4732420decc6ad",2024-12-13 18:25:03,"Rajshahi","Matihar","Eggplant",10,70
"81599a56-3da4-43f1-945f-960462cd7a7b","2e714926004c88ebae4732420decc6ad",2024-12-13 18:25:03,"Rajshahi","Matihar","Onion",11,130
"81599a56-3da4-43f1-945f-960462cd7a7b","2e714926004c88ebae4732420decc6ad",2024-12-13 18:25:03,"Rajshahi","Matihar","Green Chilli",12,200
"82ee85af-f278-4ba2-9c32-aa55a41ef023","12bc8f52864c56c3dfbd8905a123f20c",2025-01-15 01:25:14,"Rajshahi","Matihar","Potato",9,25
"84751893-635a-410b-bd52-b736911ff443","878762455ac497963ccd6ef96aa1a6bc",2024-12-26 18:45:39,"Nawabganj","Shibganj","Green Chilli",12,80
"84b4a7e3-775a-4db0-af3f-7ff8a526fd9d","440341c3c63400d2681133eca75ae6d4",2024-12-19 16:38:34,"Chuadanga","Damurhuda","Rice",1,70
"84b4a7e3-775a-4db0-af3f-7ff8a526fd9d","440341c3c63400d2681133eca75ae6d4",2024-12-19 16:38:34,"Chuadanga","Damurhuda","Flour",2,48
"84b4a7e3-775a-4db0-af3f-7ff8a526fd9d","440341c3c63400d2681133eca75ae6d4",2024-12-19 16:38:34,"Chuadanga","Damurhuda","Lentil",3,140
"84b4a7e3-775a-4db0-af3f-7ff8a526fd9d","440341c3c63400d2681133eca75ae6d4",2024-12-19 16:38:34,"Chuadanga","Damurhuda","Soybean Oil",4,172
"84b4a7e3-775a-4db0-af3f-7ff8a526fd9d","440341c3c63400d2681133eca75ae6d4",2024-12-19 16:38:34,"Chuadanga","Damurhuda","Salt",5,38
"84b4a7e3-775a-4db0-af3f-7ff8a526fd9d","440341c3c63400d2681133eca75ae6d4",2024-12-19 16:38:34,"Chuadanga","Damurhuda","Sugar",6,125
"84b4a7e3-775a-4db0-af3f-7ff8a526fd9d","440341c3c63400d2681133eca75ae6d4",2024-12-19 16:38:34,"Chuadanga","Damurhuda","Eggs",7,50
"84b4a7e3-775a-4db0-af3f-7ff8a526fd9d","440341c3c63400d2681133eca75ae6d4",2024-12-19 16:38:34,"Chuadanga","Damurhuda","Chicken",8,250
"84b4a7e3-775a-4db0-af3f-7ff8a526fd9d","440341c3c63400d2681133eca75ae6d4",2024-12-19 16:38:34,"Chuadanga","Damurhuda","Potato",9,100
"84b4a7e3-775a-4db0-af3f-7ff8a526fd9d","440341c3c63400d2681133eca75ae6d4",2024-12-19 16:38:34,"Chuadanga","Damurhuda","Eggplant",10,50
"84b4a7e3-775a-4db0-af3f-7ff8a526fd9d","440341c3c63400d2681133eca75ae6d4",2024-12-19 16:38:34,"Chuadanga","Damurhuda","Onion",11,120
"84b4a7e3-775a-4db0-af3f-7ff8a526fd9d","440341c3c63400d2681133eca75ae6d4",2024-12-19 16:38:34,"Chuadanga","Damurhuda","Green Chilli",12,110
"84c0ef3d-68fb-4dcb-ab6d-a1a648e95508","2b8427508a9e3bcf9e579578f6629e08",2025-01-06 12:14:24,"Pabna","Santhia","Rice",1,65
"84c0ef3d-68fb-4dcb-ab6d-a1a648e95508","2b8427508a9e3bcf9e579578f6629e08",2025-01-06 12:14:24,"Pabna","Santhia","Flour",2,40
"84c0ef3d-68fb-4dcb-ab6d-a1a648e95508","2b8427508a9e3bcf9e579578f6629e08",2025-01-06 12:14:24,"Pabna","Santhia","Lentil",3,160
"84c0ef3d-68fb-4dcb-ab6d-a1a648e95508","2b8427508a9e3bcf9e579578f6629e08",2025-01-06 12:14:24,"Pabna","Santhia","Soybean Oil",4,180
"84c0ef3d-68fb-4dcb-ab6d-a1a648e95508","2b8427508a9e3bcf9e579578f6629e08",2025-01-06 12:14:24,"Pabna","Santhia","Salt",5,32
"84c0ef3d-68fb-4dcb-ab6d-a1a648e95508","2b8427508a9e3bcf9e579578f6629e08",2025-01-06 12:14:24,"Pabna","Santhia","Sugar",6,153
"84c0ef3d-68fb-4dcb-ab6d-a1a648e95508","2b8427508a9e3bcf9e579578f6629e08",2025-01-06 12:14:24,"Pabna","Santhia","Eggs",7,55
"84c0ef3d-68fb-4dcb-ab6d-a1a648e95508","2b8427508a9e3bcf9e579578f6629e08",2025-01-06 12:14:24,"Pabna","Santhia","Chicken",8,320
"84c0ef3d-68fb-4dcb-ab6d-a1a648e95508","2b8427508a9e3bcf9e579578f6629e08",2025-01-06 12:14:24,"Pabna","Santhia","Potato",9,60
"84c0ef3d-68fb-4dcb-ab6d-a1a648e95508","2b8427508a9e3bcf9e579578f6629e08",2025-01-06 12:14:24,"Pabna","Santhia","Eggplant",10,40
"84c0ef3d-68fb-4dcb-ab6d-a1a648e95508","2b8427508a9e3bcf9e579578f6629e08",2025-01-06 12:14:24,"Pabna","Santhia","Onion",11,50
"84c0ef3d-68fb-4dcb-ab6d-a1a648e95508","2b8427508a9e3bcf9e579578f6629e08",2025-01-06 12:14:24,"Pabna","Santhia","Green Chilli",12,40
"84c29fa2-7f5a-4d5d-b158-3af37e573274","b1d010371fae7901b9fd0ed15188a671",2025-01-16 14:54:29,"Rajshahi","Boalia","Green Chilli",12,40
"8612fcfc-368e-4c9f-a1a5-a9562813b98e","c15251cff68faccf4b27b37e8eb11447",2024-12-21 11:56:21,"Rajshahi","Boalia","Flour",2,43
"8612fcfc-368e-4c9f-a1a5-a9562813b98e","c15251cff68faccf4b27b37e8eb11447",2024-12-21 11:56:21,"Rajshahi","Boalia","Sugar",6,135
"8612fcfc-368e-4c9f-a1a5-a9562813b98e","c15251cff68faccf4b27b37e8eb11447",2024-12-21 11:56:21,"Rajshahi","Boalia","Eggs",7,44
"872f17ff-5dd8-4778-bf4a-ffd3e43aed9d","12bc8f52864c56c3dfbd8905a123f20c",2024-12-13 15:40:07,"Rajshahi","Matihar","Eggs",7,55
"872f17ff-5dd8-4778-bf4a-ffd3e43aed9d","12bc8f52864c56c3dfbd8905a123f20c",2024-12-13 15:40:07,"Rajshahi","Matihar","Chicken",8,180
"8a29a073-804d-4e26-ae4e-3984253c711b","572d1680512266ab142dd3e235069a1f",2024-12-27 01:53:19,"Gazipur","Kapasia","Flour",2,55
"8a29a073-804d-4e26-ae4e-3984253c711b","572d1680512266ab142dd3e235069a1f",2024-12-27 01:53:19,"Gazipur","Kapasia","Soybean Oil",4,190
"8a29a073-804d-4e26-ae4e-3984253c711b","572d1680512266ab142dd3e235069a1f",2024-12-27 01:53:19,"Gazipur","Kapasia","Eggs",7,50
"8a29a073-804d-4e26-ae4e-3984253c711b","572d1680512266ab142dd3e235069a1f",2024-12-27 01:53:19,"Gazipur","Kapasia","Chicken",8,190
"8a29a073-804d-4e26-ae4e-3984253c711b","572d1680512266ab142dd3e235069a1f",2024-12-27 01:53:19,"Gazipur","Kapasia","Potato",9,70
"8a29a073-804d-4e26-ae4e-3984253c711b","572d1680512266ab142dd3e235069a1f",2024-12-27 01:53:19,"Gazipur","Kapasia","Green Chilli",12,60
"8af9ac34-b94b-4cb9-a539-0ca188f5fc0f","da98aeea478e179817116d8e7c93f2ae",2024-12-19 03:31:32,"Chuadanga","Jiban Nagar","Rice",1,56
"8af9ac34-b94b-4cb9-a539-0ca188f5fc0f","da98aeea478e179817116d8e7c93f2ae",2024-12-19 03:31:32,"Chuadanga","Jiban Nagar","Lentil",3,105
"8af9ac34-b94b-4cb9-a539-0ca188f5fc0f","da98aeea478e179817116d8e7c93f2ae",2024-12-19 03:31:32,"Chuadanga","Jiban Nagar","Eggs",7,48
"8af9ac34-b94b-4cb9-a539-0ca188f5fc0f","da98aeea478e179817116d8e7c93f2ae",2024-12-19 03:31:32,"Chuadanga","Jiban Nagar","Onion",11,120
"8af9ac34-b94b-4cb9-a539-0ca188f5fc0f","da98aeea478e179817116d8e7c93f2ae",2024-12-19 03:31:32,"Chuadanga","Jiban Nagar","Green Chilli",12,60
"8b0fe601-90fc-48ff-a30e-3a0717f7a700",NA,2025-01-17 11:25:57,"Rajshahi","Boalia","Rice",1,70
"8b0fe601-90fc-48ff-a30e-3a0717f7a700",NA,2025-01-17 11:25:57,"Rajshahi","Boalia","Soybean Oil",4,180
"8b0fe601-90fc-48ff-a30e-3a0717f7a700",NA,2025-01-17 11:25:57,"Rajshahi","Boalia","Salt",5,42
"8d07e7ca-e22f-44be-b5c6-3eb9a8ec71c1","0859ee7098b0fcd674aeb822126f986a",2024-12-01 04:32:29,"Dhaka","Badda","Rice",1,72
"8d07e7ca-e22f-44be-b5c6-3eb9a8ec71c1","0859ee7098b0fcd674aeb822126f986a",2024-12-01 04:32:29,"Dhaka","Badda","Soybean Oil",4,170
"9114bfa5-3042-404a-82a4-a946a56b83e6",NA,2025-01-19 15:09:38,"Rajshahi","Matihar","Rice",1,64
"9114bfa5-3042-404a-82a4-a946a56b83e6",NA,2025-01-19 15:09:38,"Rajshahi","Matihar","Flour",2,42
"9114bfa5-3042-404a-82a4-a946a56b83e6",NA,2025-01-19 15:09:38,"Rajshahi","Matihar","Lentil",3,110
"9114bfa5-3042-404a-82a4-a946a56b83e6",NA,2025-01-19 15:09:38,"Rajshahi","Matihar","Soybean Oil",4,175
"9114bfa5-3042-404a-82a4-a946a56b83e6",NA,2025-01-19 15:09:38,"Rajshahi","Matihar","Salt",5,40
"9114bfa5-3042-404a-82a4-a946a56b83e6",NA,2025-01-19 15:09:38,"Rajshahi","Matihar","Sugar",6,125
"9114bfa5-3042-404a-82a4-a946a56b83e6",NA,2025-01-19 15:09:38,"Rajshahi","Matihar","Eggs",7,44
"92938f7d-9079-4835-8b8c-2977f4dd6e4a","7ceac72b25b304a7f5f0783c2498e89a",2024-12-17 15:12:02,"Dhaka","Adabor","Rice",1,63
"92938f7d-9079-4835-8b8c-2977f4dd6e4a","7ceac72b25b304a7f5f0783c2498e89a",2024-12-17 15:12:02,"Dhaka","Adabor","Soybean Oil",4,175
"92938f7d-9079-4835-8b8c-2977f4dd6e4a","7ceac72b25b304a7f5f0783c2498e89a",2024-12-17 15:12:02,"Dhaka","Adabor","Eggs",7,50
"92938f7d-9079-4835-8b8c-2977f4dd6e4a","7ceac72b25b304a7f5f0783c2498e89a",2024-12-17 15:12:02,"Dhaka","Adabor","Potato",9,75
"92938f7d-9079-4835-8b8c-2977f4dd6e4a","7ceac72b25b304a7f5f0783c2498e89a",2024-12-17 15:12:02,"Dhaka","Adabor","Onion",11,80
"92938f7d-9079-4835-8b8c-2977f4dd6e4a","7ceac72b25b304a7f5f0783c2498e89a",2024-12-17 15:12:02,"Dhaka","Adabor","Green Chilli",12,120
"9357e243-c529-4c7c-b380-57bc1a10f829","12bc8f52864c56c3dfbd8905a123f20c",2025-01-15 01:26:00,"Rajshahi","Matihar","Soybean Oil",4,170
"947aa9ce-5256-4f49-b3d3-4013d6f62810","b1d010371fae7901b9fd0ed15188a671",2024-12-24 14:35:20,"Rajshahi","Matihar","Eggs",7,44
"94ba4f51-7d84-4c04-a74e-0304a116703e","4fae513bd1ff426ef54a61fe24c57671",2024-12-23 19:00:30,"Dinajpur","Nawabganj","Potato",9,60
"94ba4f51-7d84-4c04-a74e-0304a116703e","4fae513bd1ff426ef54a61fe24c57671",2024-12-23 19:00:30,"Dinajpur","Nawabganj","Onion",11,60
"96ac0237-9540-4781-b6a0-0e4f873d191b","2121cd939eb18e4942dc891e4d49dd06",2024-12-13 10:34:37,"Naogaon","Dhamoirhat","Chicken",8,165
"988acbef-9e63-4ab0-aea6-b3baa020c32f","0c29694fadfcb564ebe238a66c3b99f8",2024-12-02 06:36:04,"Dhaka","Mohammadpur","Sugar",6,185
"988acbef-9e63-4ab0-aea6-b3baa020c32f","0c29694fadfcb564ebe238a66c3b99f8",2024-12-02 06:36:04,"Dhaka","Mohammadpur","Green Chilli",12,120
"99d8eed4-bcb3-43fb-a836-a58c82191724","fac23943615c3724d0894d7c0fcbd59d",2024-12-13 23:54:47,"Dhaka","Badda","Rice",1,60
"99d8eed4-bcb3-43fb-a836-a58c82191724","fac23943615c3724d0894d7c0fcbd59d",2024-12-13 23:54:47,"Dhaka","Badda","Lentil",3,120
"99d8eed4-bcb3-43fb-a836-a58c82191724","fac23943615c3724d0894d7c0fcbd59d",2024-12-13 23:54:47,"Dhaka","Badda","Soybean Oil",4,170
"99d8eed4-bcb3-43fb-a836-a58c82191724","fac23943615c3724d0894d7c0fcbd59d",2024-12-13 23:54:47,"Dhaka","Badda","Green Chilli",12,100
"9d246480-ccca-426d-85be-8037fc3553dc","fe131476aa453d8177177dbc868e8265",2024-12-15 12:50:21,"Rajshahi","Matihar","Rice",1,60
"9d246480-ccca-426d-85be-8037fc3553dc","fe131476aa453d8177177dbc868e8265",2024-12-15 12:50:21,"Rajshahi","Matihar","Lentil",3,110
"9d246480-ccca-426d-85be-8037fc3553dc","fe131476aa453d8177177dbc868e8265",2024-12-15 12:50:21,"Rajshahi","Matihar","Soybean Oil",4,190
"9d246480-ccca-426d-85be-8037fc3553dc","fe131476aa453d8177177dbc868e8265",2024-12-15 12:50:21,"Rajshahi","Matihar","Salt",5,40
"9d246480-ccca-426d-85be-8037fc3553dc","fe131476aa453d8177177dbc868e8265",2024-12-15 12:50:21,"Rajshahi","Matihar","Eggs",7,44
"9d246480-ccca-426d-85be-8037fc3553dc","fe131476aa453d8177177dbc868e8265",2024-12-15 12:50:21,"Rajshahi","Matihar","Potato",9,80
"9d246480-ccca-426d-85be-8037fc3553dc","fe131476aa453d8177177dbc868e8265",2024-12-15 12:50:21,"Rajshahi","Matihar","Onion",11,100
"9d246480-ccca-426d-85be-8037fc3553dc","fe131476aa453d8177177dbc868e8265",2024-12-15 12:50:21,"Rajshahi","Matihar","Green Chilli",12,100
"9e755371-50f4-4956-a928-1ba72c9b18f1","32d18ae835e669ee7a1c08eb59082765",2024-12-28 12:13:24,"Nawabganj","Shibganj","Soybean Oil",4,172
"9e755371-50f4-4956-a928-1ba72c9b18f1","32d18ae835e669ee7a1c08eb59082765",2024-12-28 12:13:24,"Nawabganj","Shibganj","Salt",5,40
"9e755371-50f4-4956-a928-1ba72c9b18f1","32d18ae835e669ee7a1c08eb59082765",2024-12-28 12:13:24,"Nawabganj","Shibganj","Eggs",7,60
"9e755371-50f4-4956-a928-1ba72c9b18f1","32d18ae835e669ee7a1c08eb59082765",2024-12-28 12:13:24,"Nawabganj","Shibganj","Chicken",8,315
"9e755371-50f4-4956-a928-1ba72c9b18f1","32d18ae835e669ee7a1c08eb59082765",2024-12-28 12:13:24,"Nawabganj","Shibganj","Potato",9,60
"9e755371-50f4-4956-a928-1ba72c9b18f1","32d18ae835e669ee7a1c08eb59082765",2024-12-28 12:13:24,"Nawabganj","Shibganj","Eggplant",10,20
"9e755371-50f4-4956-a928-1ba72c9b18f1","32d18ae835e669ee7a1c08eb59082765",2024-12-28 12:13:24,"Nawabganj","Shibganj","Onion",11,40
"9e755371-50f4-4956-a928-1ba72c9b18f1","32d18ae835e669ee7a1c08eb59082765",2024-12-28 12:13:24,"Nawabganj","Shibganj","Green Chilli",12,80
"9f441d18-b9c7-4eb7-b9b9-eddb89bb5bcc","2121cd939eb18e4942dc891e4d49dd06",2025-01-10 09:44:51,"Rajshahi","Boalia","Rice",1,65
"9f441d18-b9c7-4eb7-b9b9-eddb89bb5bcc","2121cd939eb18e4942dc891e4d49dd06",2025-01-10 09:44:51,"Rajshahi","Boalia","Lentil",3,140
"9f441d18-b9c7-4eb7-b9b9-eddb89bb5bcc","2121cd939eb18e4942dc891e4d49dd06",2025-01-10 09:44:51,"Rajshahi","Boalia","Eggs",7,44
"9f441d18-b9c7-4eb7-b9b9-eddb89bb5bcc","2121cd939eb18e4942dc891e4d49dd06",2025-01-10 09:44:51,"Rajshahi","Boalia","Potato",9,30
"9f441d18-b9c7-4eb7-b9b9-eddb89bb5bcc","2121cd939eb18e4942dc891e4d49dd06",2025-01-10 09:44:51,"Rajshahi","Boalia","Eggplant",10,30
"9f441d18-b9c7-4eb7-b9b9-eddb89bb5bcc","2121cd939eb18e4942dc891e4d49dd06",2025-01-10 09:44:51,"Rajshahi","Boalia","Green Chilli",12,60
"a35a7561-dfff-47b3-b44b-b161c6387e63","2121cd939eb18e4942dc891e4d49dd06",2025-01-06 18:18:18,"Rajshahi","Boalia","Eggs",7,46
"a5c1b364-4808-4a4e-aa66-7770122922a4","2121cd939eb18e4942dc891e4d49dd06",2025-01-07 17:43:26,"Rajshahi","Boalia","Eggs",7,46
"a5f6f11b-84bb-4e14-9996-4e574354330d","b0090872a6819c04bf810bd47f50ede1",2024-12-23 05:10:18,"Rajshahi","Matihar","Rice",1,90
"a5f6f11b-84bb-4e14-9996-4e574354330d","b0090872a6819c04bf810bd47f50ede1",2024-12-23 05:10:18,"Rajshahi","Matihar","Eggs",7,46
"a5f6f11b-84bb-4e14-9996-4e574354330d","b0090872a6819c04bf810bd47f50ede1",2024-12-23 05:10:18,"Rajshahi","Matihar","Potato",9,70
"a90186e2-e7f5-423d-a119-9230249817a4",NA,2025-01-27 05:08:53,"Rajshahi","Matihar","Rice",1,60
"a90186e2-e7f5-423d-a119-9230249817a4",NA,2025-01-27 05:08:53,"Rajshahi","Matihar","Lentil",3,160
"a90186e2-e7f5-423d-a119-9230249817a4",NA,2025-01-27 05:08:53,"Rajshahi","Matihar","Soybean Oil",4,160
"a90186e2-e7f5-423d-a119-9230249817a4",NA,2025-01-27 05:08:53,"Rajshahi","Matihar","Salt",5,36
"a90186e2-e7f5-423d-a119-9230249817a4",NA,2025-01-27 05:08:53,"Rajshahi","Matihar","Eggs",7,44
"a90186e2-e7f5-423d-a119-9230249817a4",NA,2025-01-27 05:08:53,"Rajshahi","Matihar","Chicken",8,220
"a90186e2-e7f5-423d-a119-9230249817a4",NA,2025-01-27 05:08:53,"Rajshahi","Matihar","Potato",9,3
"a90186e2-e7f5-423d-a119-9230249817a4",NA,2025-01-27 05:08:53,"Rajshahi","Matihar","Onion",11,46
"a90186e2-e7f5-423d-a119-9230249817a4",NA,2025-01-27 05:08:53,"Rajshahi","Matihar","Green Chilli",12,90
"abd44c22-82fd-495c-a375-8363add3029d","a22c2220c8033db07993626412442c21",2024-12-14 17:45:45,"Chittagong","Khulshi","Eggs",7,52
"abd44c22-82fd-495c-a375-8363add3029d","a22c2220c8033db07993626412442c21",2024-12-14 17:45:45,"Chittagong","Khulshi","Chicken",8,180
"abd44c22-82fd-495c-a375-8363add3029d","a22c2220c8033db07993626412442c21",2024-12-14 17:45:45,"Chittagong","Khulshi","Potato",9,120
"abd44c22-82fd-495c-a375-8363add3029d","a22c2220c8033db07993626412442c21",2024-12-14 17:45:45,"Chittagong","Khulshi","Onion",11,110
"ac11ee58-38aa-4ae8-b88c-57358b75698a","3664914227ca01da8f9ef9f8beafd0de",2024-12-26 18:21:47,"Rajshahi","Matihar","Potato",9,55
"ac11ee58-38aa-4ae8-b88c-57358b75698a","3664914227ca01da8f9ef9f8beafd0de",2024-12-26 18:21:47,"Rajshahi","Matihar","Green Chilli",12,80
"ac519bf2-ca0d-4936-ab29-ef4186c427a4","3166dcb07fff37f2ac8d17c4c940f8f5",2024-12-19 18:53:16,"Rajshahi","Matihar","Rice",1,80
"ac519bf2-ca0d-4936-ab29-ef4186c427a4","3166dcb07fff37f2ac8d17c4c940f8f5",2024-12-19 18:53:16,"Rajshahi","Matihar","Eggs",7,46
"ac519bf2-ca0d-4936-ab29-ef4186c427a4","3166dcb07fff37f2ac8d17c4c940f8f5",2024-12-19 18:53:16,"Rajshahi","Matihar","Chicken",8,165
"ac519bf2-ca0d-4936-ab29-ef4186c427a4","3166dcb07fff37f2ac8d17c4c940f8f5",2024-12-19 18:53:16,"Rajshahi","Matihar","Potato",9,75
"ac519bf2-ca0d-4936-ab29-ef4186c427a4","3166dcb07fff37f2ac8d17c4c940f8f5",2024-12-19 18:53:16,"Rajshahi","Matihar","Onion",11,110
"ac519bf2-ca0d-4936-ab29-ef4186c427a4","3166dcb07fff37f2ac8d17c4c940f8f5",2024-12-19 18:53:16,"Rajshahi","Matihar","Green Chilli",12,80
"acdd39c9-3dec-4e8a-a388-28dd546887cf",NA,2025-01-20 15:54:10,"Rajshahi","Matihar","Rice",1,65
"b0eca3c2-5deb-4ef1-8a2e-3e329028a582",NA,2025-01-20 15:52:07,"Rajshahi","Matihar","Rice",1,60
"b38f6524-8ae1-441b-b42d-44854c0fdb29","b0090872a6819c04bf810bd47f50ede1",2024-12-17 17:41:54,"Rajshahi","Matihar","Rice",1,68
"b38f6524-8ae1-441b-b42d-44854c0fdb29","b0090872a6819c04bf810bd47f50ede1",2024-12-17 17:41:54,"Rajshahi","Matihar","Chicken",8,260
"b38f6524-8ae1-441b-b42d-44854c0fdb29","b0090872a6819c04bf810bd47f50ede1",2024-12-17 17:41:54,"Rajshahi","Matihar","Onion",11,120
"b4e4aabd-76e4-4a38-a698-1e3087011d56","12bc8f52864c56c3dfbd8905a123f20c",2024-12-13 15:34:53,"Rajshahi","Matihar","Potato",9,120
"b4e4aabd-76e4-4a38-a698-1e3087011d56","12bc8f52864c56c3dfbd8905a123f20c",2024-12-13 15:34:53,"Rajshahi","Matihar","Onion",11,110
"b4e4aabd-76e4-4a38-a698-1e3087011d56","12bc8f52864c56c3dfbd8905a123f20c",2024-12-13 15:34:53,"Rajshahi","Matihar","Green Chilli",12,200
"b52f7f5c-4bde-44d5-a339-390139cc0b3d","2121cd939eb18e4942dc891e4d49dd06",2024-12-13 10:35:37,"Naogaon","Dhamoirhat","Chicken",8,290
"b66cfbcb-dd5c-4de5-85fe-6b80012e530d","da98aeea478e179817116d8e7c93f2ae",2024-12-22 14:49:33,"Chuadanga","Jiban Nagar","Rice",1,56
"b66cfbcb-dd5c-4de5-85fe-6b80012e530d","da98aeea478e179817116d8e7c93f2ae",2024-12-22 14:49:33,"Chuadanga","Jiban Nagar","Soybean Oil",4,172
"b66cfbcb-dd5c-4de5-85fe-6b80012e530d","da98aeea478e179817116d8e7c93f2ae",2024-12-22 14:49:33,"Chuadanga","Jiban Nagar","Potato",9,70
"b66cfbcb-dd5c-4de5-85fe-6b80012e530d","da98aeea478e179817116d8e7c93f2ae",2024-12-22 14:49:33,"Chuadanga","Jiban Nagar","Green Chilli",12,60
"b7514333-d231-4679-8e63-b157f552a420","d547544b4104adf9c8861778073e43bc",2024-12-14 05:13:42,"Rajshahi","Matihar","Rice",1,80
"b7514333-d231-4679-8e63-b157f552a420","d547544b4104adf9c8861778073e43bc",2024-12-14 05:13:42,"Rajshahi","Matihar","Flour",2,50
"b7514333-d231-4679-8e63-b157f552a420","d547544b4104adf9c8861778073e43bc",2024-12-14 05:13:42,"Rajshahi","Matihar","Lentil",3,110
"b7514333-d231-4679-8e63-b157f552a420","d547544b4104adf9c8861778073e43bc",2024-12-14 05:13:42,"Rajshahi","Matihar","Soybean Oil",4,168
"b7514333-d231-4679-8e63-b157f552a420","d547544b4104adf9c8861778073e43bc",2024-12-14 05:13:42,"Rajshahi","Matihar","Salt",5,40
"b7514333-d231-4679-8e63-b157f552a420","d547544b4104adf9c8861778073e43bc",2024-12-14 05:13:42,"Rajshahi","Matihar","Sugar",6,135
"b7514333-d231-4679-8e63-b157f552a420","d547544b4104adf9c8861778073e43bc",2024-12-14 05:13:42,"Rajshahi","Matihar","Eggs",7,48
"b7514333-d231-4679-8e63-b157f552a420","d547544b4104adf9c8861778073e43bc",2024-12-14 05:13:42,"Rajshahi","Matihar","Chicken",8,165
"b7514333-d231-4679-8e63-b157f552a420","d547544b4104adf9c8861778073e43bc",2024-12-14 05:13:42,"Rajshahi","Matihar","Potato",9,80
"b7514333-d231-4679-8e63-b157f552a420","d547544b4104adf9c8861778073e43bc",2024-12-14 05:13:42,"Rajshahi","Matihar","Eggplant",10,55
"b7514333-d231-4679-8e63-b157f552a420","d547544b4104adf9c8861778073e43bc",2024-12-14 05:13:42,"Rajshahi","Matihar","Onion",11,80
"b7514333-d231-4679-8e63-b157f552a420","d547544b4104adf9c8861778073e43bc",2024-12-14 05:13:42,"Rajshahi","Matihar","Green Chilli",12,60
"b85ff01e-3e9b-4e7f-aa14-1a3f80fa90ca","99e66a42ebe1fb52c2e80253943a7649",2024-12-26 11:51:08,"Dhaka","Demra","Rice",1,80
"b85ff01e-3e9b-4e7f-aa14-1a3f80fa90ca","99e66a42ebe1fb52c2e80253943a7649",2024-12-26 11:51:08,"Dhaka","Demra","Flour",2,55
"b85ff01e-3e9b-4e7f-aa14-1a3f80fa90ca","99e66a42ebe1fb52c2e80253943a7649",2024-12-26 11:51:08,"Dhaka","Demra","Lentil",3,120
"b85ff01e-3e9b-4e7f-aa14-1a3f80fa90ca","99e66a42ebe1fb52c2e80253943a7649",2024-12-26 11:51:08,"Dhaka","Demra","Soybean Oil",4,200
"b85ff01e-3e9b-4e7f-aa14-1a3f80fa90ca","99e66a42ebe1fb52c2e80253943a7649",2024-12-26 11:51:08,"Dhaka","Demra","Salt",5,40
"b85ff01e-3e9b-4e7f-aa14-1a3f80fa90ca","99e66a42ebe1fb52c2e80253943a7649",2024-12-26 11:51:08,"Dhaka","Demra","Sugar",6,145
"b85ff01e-3e9b-4e7f-aa14-1a3f80fa90ca","99e66a42ebe1fb52c2e80253943a7649",2024-12-26 11:51:08,"Dhaka","Demra","Eggs",7,60
"b85ff01e-3e9b-4e7f-aa14-1a3f80fa90ca","99e66a42ebe1fb52c2e80253943a7649",2024-12-26 11:51:08,"Dhaka","Demra","Chicken",8,190
"b85ff01e-3e9b-4e7f-aa14-1a3f80fa90ca","99e66a42ebe1fb52c2e80253943a7649",2024-12-26 11:51:08,"Dhaka","Demra","Potato",9,50
"b85ff01e-3e9b-4e7f-aa14-1a3f80fa90ca","99e66a42ebe1fb52c2e80253943a7649",2024-12-26 11:51:08,"Dhaka","Demra","Eggplant",10,70
"b85ff01e-3e9b-4e7f-aa14-1a3f80fa90ca","99e66a42ebe1fb52c2e80253943a7649",2024-12-26 11:51:08,"Dhaka","Demra","Onion",11,80
"b85ff01e-3e9b-4e7f-aa14-1a3f80fa90ca","99e66a42ebe1fb52c2e80253943a7649",2024-12-26 11:51:08,"Dhaka","Demra","Green Chilli",12,180
"ba7c47dd-9b06-4716-b3e9-286b22bb42b4","4fae513bd1ff426ef54a61fe24c57671",2024-12-21 17:33:24,"Dinajpur","Dinajpur Sadar","Rice",1,72
"ba7c47dd-9b06-4716-b3e9-286b22bb42b4","4fae513bd1ff426ef54a61fe24c57671",2024-12-21 17:33:24,"Dinajpur","Dinajpur Sadar","Flour",2,75
"ba7c47dd-9b06-4716-b3e9-286b22bb42b4","4fae513bd1ff426ef54a61fe24c57671",2024-12-21 17:33:24,"Dinajpur","Dinajpur Sadar","Lentil",3,140
"ba7c47dd-9b06-4716-b3e9-286b22bb42b4","4fae513bd1ff426ef54a61fe24c57671",2024-12-21 17:33:24,"Dinajpur","Dinajpur Sadar","Soybean Oil",4,180
"ba7c47dd-9b06-4716-b3e9-286b22bb42b4","4fae513bd1ff426ef54a61fe24c57671",2024-12-21 17:33:24,"Dinajpur","Dinajpur Sadar","Chicken",8,165
"ba7c47dd-9b06-4716-b3e9-286b22bb42b4","4fae513bd1ff426ef54a61fe24c57671",2024-12-21 17:33:24,"Dinajpur","Dinajpur Sadar","Eggplant",10,55
"ba7c47dd-9b06-4716-b3e9-286b22bb42b4","4fae513bd1ff426ef54a61fe24c57671",2024-12-21 17:33:24,"Dinajpur","Dinajpur Sadar","Onion",11,90
"bc6a1eb3-8c7c-42dd-8777-82a2b30b2c10","2121cd939eb18e4942dc891e4d49dd06",2025-01-15 15:32:32,"Rajshahi","Boalia","Rice",1,70
"bc6a1eb3-8c7c-42dd-8777-82a2b30b2c10","2121cd939eb18e4942dc891e4d49dd06",2025-01-15 15:32:32,"Rajshahi","Boalia","Soybean Oil",4,170
"bc6a1eb3-8c7c-42dd-8777-82a2b30b2c10","2121cd939eb18e4942dc891e4d49dd06",2025-01-15 15:32:32,"Rajshahi","Boalia","Potato",9,25
"bc6a1eb3-8c7c-42dd-8777-82a2b30b2c10","2121cd939eb18e4942dc891e4d49dd06",2025-01-15 15:32:32,"Rajshahi","Boalia","Eggplant",10,30
"bc6a1eb3-8c7c-42dd-8777-82a2b30b2c10","2121cd939eb18e4942dc891e4d49dd06",2025-01-15 15:32:32,"Rajshahi","Boalia","Green Chilli",12,40
"bd16acde-a758-43b1-995a-43e8bacbcc5b","064ab8f300fb2dfb5ec142f1afde61ed",2025-01-05 16:34:55,"Bogra","Bogra Sadar","Onion",11,50
"bea6e2e5-c89d-4063-85e8-1c1151f07a1f","2b8427508a9e3bcf9e579578f6629e08",2024-12-18 04:39:03,"Rajshahi","Boalia","Rice",1,68
"bea6e2e5-c89d-4063-85e8-1c1151f07a1f","2b8427508a9e3bcf9e579578f6629e08",2024-12-18 04:39:03,"Rajshahi","Boalia","Eggs",7,40
"bea6e2e5-c89d-4063-85e8-1c1151f07a1f","2b8427508a9e3bcf9e579578f6629e08",2024-12-18 04:39:03,"Rajshahi","Boalia","Potato",9,70
"bea6e2e5-c89d-4063-85e8-1c1151f07a1f","2b8427508a9e3bcf9e579578f6629e08",2024-12-18 04:39:03,"Rajshahi","Boalia","Onion",11,70
"bea6e2e5-c89d-4063-85e8-1c1151f07a1f","2b8427508a9e3bcf9e579578f6629e08",2024-12-18 04:39:03,"Rajshahi","Boalia","Green Chilli",12,60
"bf03b1be-fdad-4727-85ba-a5245d527608","3d23abb363856a27c7601fd6672bd5c0",2025-01-16 12:32:51,"Rajshahi","Durgapur","Flour",2,50
"bf03b1be-fdad-4727-85ba-a5245d527608","3d23abb363856a27c7601fd6672bd5c0",2025-01-16 12:32:51,"Rajshahi","Durgapur","Soybean Oil",4,180
"bf03b1be-fdad-4727-85ba-a5245d527608","3d23abb363856a27c7601fd6672bd5c0",2025-01-16 12:32:51,"Rajshahi","Durgapur","Sugar",6,120
"bf03b1be-fdad-4727-85ba-a5245d527608","3d23abb363856a27c7601fd6672bd5c0",2025-01-16 12:32:51,"Rajshahi","Durgapur","Eggs",7,48
"bf03b1be-fdad-4727-85ba-a5245d527608","3d23abb363856a27c7601fd6672bd5c0",2025-01-16 12:32:51,"Rajshahi","Durgapur","Potato",9,40
"bf03b1be-fdad-4727-85ba-a5245d527608","3d23abb363856a27c7601fd6672bd5c0",2025-01-16 12:32:51,"Rajshahi","Durgapur","Eggplant",10,30
"bf03b1be-fdad-4727-85ba-a5245d527608","3d23abb363856a27c7601fd6672bd5c0",2025-01-16 12:32:51,"Rajshahi","Durgapur","Onion",11,50
"bf03b1be-fdad-4727-85ba-a5245d527608","3d23abb363856a27c7601fd6672bd5c0",2025-01-16 12:32:51,"Rajshahi","Durgapur","Green Chilli",12,50
"c000d8b9-9f01-4bc3-a388-d6702257a550","32b27bb857f6895822425dd993bb2ba0",2024-12-26 05:19:30,"Rajshahi","Matihar","Eggs",7,45
"c09f20a0-dcd5-4a83-a6f9-29295dd1033f","b1d010371fae7901b9fd0ed15188a671",2025-01-04 13:39:07,"Rajshahi","Matihar","Rice",1,72
"c09f20a0-dcd5-4a83-a6f9-29295dd1033f","b1d010371fae7901b9fd0ed15188a671",2025-01-04 13:39:07,"Rajshahi","Matihar","Lentil",3,115
"c09f20a0-dcd5-4a83-a6f9-29295dd1033f","b1d010371fae7901b9fd0ed15188a671",2025-01-04 13:39:07,"Rajshahi","Matihar","Potato",9,30
"c09f20a0-dcd5-4a83-a6f9-29295dd1033f","b1d010371fae7901b9fd0ed15188a671",2025-01-04 13:39:07,"Rajshahi","Matihar","Eggplant",10,30
"c09f20a0-dcd5-4a83-a6f9-29295dd1033f","b1d010371fae7901b9fd0ed15188a671",2025-01-04 13:39:07,"Rajshahi","Matihar","Onion",11,40
"c0a0c551-1ab8-4094-a004-58822f1879a4","12bc8f52864c56c3dfbd8905a123f20c",2024-12-26 04:18:15,"Rajshahi","Boalia","Potato",9,60
"c0a0c551-1ab8-4094-a004-58822f1879a4","12bc8f52864c56c3dfbd8905a123f20c",2024-12-26 04:18:15,"Rajshahi","Boalia","Onion",11,60
"c40ab17b-aabb-4f96-9c27-e720a5b1ebc5","99bb15d88bd10d920ac1935d4178f920",2024-12-14 03:30:14,"Rajshahi","Matihar","Rice",1,78
"c40ab17b-aabb-4f96-9c27-e720a5b1ebc5","99bb15d88bd10d920ac1935d4178f920",2024-12-14 03:30:14,"Rajshahi","Matihar","Flour",2,70
"c40ab17b-aabb-4f96-9c27-e720a5b1ebc5","99bb15d88bd10d920ac1935d4178f920",2024-12-14 03:30:14,"Rajshahi","Matihar","Lentil",3,120
"c40ab17b-aabb-4f96-9c27-e720a5b1ebc5","99bb15d88bd10d920ac1935d4178f920",2024-12-14 03:30:14,"Rajshahi","Matihar","Soybean Oil",4,210
"c40ab17b-aabb-4f96-9c27-e720a5b1ebc5","99bb15d88bd10d920ac1935d4178f920",2024-12-14 03:30:14,"Rajshahi","Matihar","Salt",5,40
"c40ab17b-aabb-4f96-9c27-e720a5b1ebc5","99bb15d88bd10d920ac1935d4178f920",2024-12-14 03:30:14,"Rajshahi","Matihar","Sugar",6,136
"c40ab17b-aabb-4f96-9c27-e720a5b1ebc5","99bb15d88bd10d920ac1935d4178f920",2024-12-14 03:30:14,"Rajshahi","Matihar","Eggs",7,46
"c40ab17b-aabb-4f96-9c27-e720a5b1ebc5","99bb15d88bd10d920ac1935d4178f920",2024-12-14 03:30:14,"Rajshahi","Matihar","Chicken",8,225
"c40ab17b-aabb-4f96-9c27-e720a5b1ebc5","99bb15d88bd10d920ac1935d4178f920",2024-12-14 03:30:14,"Rajshahi","Matihar","Potato",9,75
"c40ab17b-aabb-4f96-9c27-e720a5b1ebc5","99bb15d88bd10d920ac1935d4178f920",2024-12-14 03:30:14,"Rajshahi","Matihar","Eggplant",10,55
"c40ab17b-aabb-4f96-9c27-e720a5b1ebc5","99bb15d88bd10d920ac1935d4178f920",2024-12-14 03:30:14,"Rajshahi","Matihar","Onion",11,120
"c40ab17b-aabb-4f96-9c27-e720a5b1ebc5","99bb15d88bd10d920ac1935d4178f920",2024-12-14 03:30:14,"Rajshahi","Matihar","Green Chilli",12,90
"c501d54c-dac0-4009-9d7f-f6d3709c59b9","3d23abb363856a27c7601fd6672bd5c0",2025-01-01 12:50:06,"Rajshahi","Durgapur","Soybean Oil",4,175
"c501d54c-dac0-4009-9d7f-f6d3709c59b9","3d23abb363856a27c7601fd6672bd5c0",2025-01-01 12:50:06,"Rajshahi","Durgapur","Sugar",6,135
"c501d54c-dac0-4009-9d7f-f6d3709c59b9","3d23abb363856a27c7601fd6672bd5c0",2025-01-01 12:50:06,"Rajshahi","Durgapur","Eggs",7,46
"c501d54c-dac0-4009-9d7f-f6d3709c59b9","3d23abb363856a27c7601fd6672bd5c0",2025-01-01 12:50:06,"Rajshahi","Durgapur","Potato",9,60
"c501d54c-dac0-4009-9d7f-f6d3709c59b9","3d23abb363856a27c7601fd6672bd5c0",2025-01-01 12:50:06,"Rajshahi","Durgapur","Onion",11,55
"c501d54c-dac0-4009-9d7f-f6d3709c59b9","3d23abb363856a27c7601fd6672bd5c0",2025-01-01 12:50:06,"Rajshahi","Durgapur","Green Chilli",12,60
"c59399a8-5d15-4ccc-bc19-d435d9737aa8","fae74bc76cf6016774eb072b7ad97bb8",2024-12-19 16:27:13,"Kushtia","Kushtia Sadar","Rice",1,68
"c59399a8-5d15-4ccc-bc19-d435d9737aa8","fae74bc76cf6016774eb072b7ad97bb8",2024-12-19 16:27:13,"Kushtia","Kushtia Sadar","Flour",2,42
"c59399a8-5d15-4ccc-bc19-d435d9737aa8","fae74bc76cf6016774eb072b7ad97bb8",2024-12-19 16:27:13,"Kushtia","Kushtia Sadar","Lentil",3,130
"c59399a8-5d15-4ccc-bc19-d435d9737aa8","fae74bc76cf6016774eb072b7ad97bb8",2024-12-19 16:27:13,"Kushtia","Kushtia Sadar","Soybean Oil",4,170
"c59399a8-5d15-4ccc-bc19-d435d9737aa8","fae74bc76cf6016774eb072b7ad97bb8",2024-12-19 16:27:13,"Kushtia","Kushtia Sadar","Salt",5,45
"c59399a8-5d15-4ccc-bc19-d435d9737aa8","fae74bc76cf6016774eb072b7ad97bb8",2024-12-19 16:27:13,"Kushtia","Kushtia Sadar","Sugar",6,150
"c59399a8-5d15-4ccc-bc19-d435d9737aa8","fae74bc76cf6016774eb072b7ad97bb8",2024-12-19 16:27:13,"Kushtia","Kushtia Sadar","Eggs",7,45
"c59399a8-5d15-4ccc-bc19-d435d9737aa8","fae74bc76cf6016774eb072b7ad97bb8",2024-12-19 16:27:13,"Kushtia","Kushtia Sadar","Chicken",8,500
"c59399a8-5d15-4ccc-bc19-d435d9737aa8","fae74bc76cf6016774eb072b7ad97bb8",2024-12-19 16:27:13,"Kushtia","Kushtia Sadar","Potato",9,70
"c59399a8-5d15-4ccc-bc19-d435d9737aa8","fae74bc76cf6016774eb072b7ad97bb8",2024-12-19 16:27:13,"Kushtia","Kushtia Sadar","Eggplant",10,60
"c59399a8-5d15-4ccc-bc19-d435d9737aa8","fae74bc76cf6016774eb072b7ad97bb8",2024-12-19 16:27:13,"Kushtia","Kushtia Sadar","Onion",11,60
"c59399a8-5d15-4ccc-bc19-d435d9737aa8","fae74bc76cf6016774eb072b7ad97bb8",2024-12-19 16:27:13,"Kushtia","Kushtia Sadar","Green Chilli",12,80
"c66083e5-1cd2-4697-856b-31c3f1e3b00d","fae74bc76cf6016774eb072b7ad97bb8",2024-12-03 16:25:33,"Dhaka","Pallabi","Rice",1,72
"c66083e5-1cd2-4697-856b-31c3f1e3b00d","fae74bc76cf6016774eb072b7ad97bb8",2024-12-03 16:25:33,"Dhaka","Pallabi","Soybean Oil",4,180
"c6d2428d-6a21-42e6-a6c1-a545c20b5e02","3f79451882db96a21d00211e6733ed69",2024-12-13 22:43:46,"Satkhira","Satkhira Sadar","Eggs",7,44
"c6d2428d-6a21-42e6-a6c1-a545c20b5e02","3f79451882db96a21d00211e6733ed69",2024-12-13 22:43:46,"Satkhira","Satkhira Sadar","Chicken",8,295
"c6d2fc87-6598-482d-bfee-fc6c9c6134b0","2121cd939eb18e4942dc891e4d49dd06",2025-01-08 17:08:43,"Rajshahi","Boalia","Soybean Oil",4,180
"c7f0a9c6-50b2-49de-8b36-02d11b06c9d6","b1d010371fae7901b9fd0ed15188a671",2024-12-20 03:39:20,"Rajshahi","Boalia","Rice",1,68
"c9726901-0da6-4494-8c5b-044483bd8db8","6e6f9ef504adb0630093d8a5d719a011",2024-12-15 15:55:59,"Gazipur","Kapasia","Flour",2,60
"c9726901-0da6-4494-8c5b-044483bd8db8","6e6f9ef504adb0630093d8a5d719a011",2024-12-15 15:55:59,"Gazipur","Kapasia","Chicken",8,130
"d11fcb26-9099-4b8a-b2a4-147fe4ec1547","12bc8f52864c56c3dfbd8905a123f20c",2025-01-11 16:46:40,"Rajshahi","Matihar","Soybean Oil",4,170
"d11fcb26-9099-4b8a-b2a4-147fe4ec1547","12bc8f52864c56c3dfbd8905a123f20c",2025-01-11 16:46:40,"Rajshahi","Matihar","Potato",9,40
"d11fcb26-9099-4b8a-b2a4-147fe4ec1547","12bc8f52864c56c3dfbd8905a123f20c",2025-01-11 16:46:40,"Rajshahi","Matihar","Onion",11,50
"d1d6f210-27f6-472e-931c-fbd5ea24dae4","2121cd939eb18e4942dc891e4d49dd06",2025-01-16 14:54:05,"Rajshahi","Boalia","Sugar",6,140
"d2224997-eb09-4d6f-ad8c-501702c8349e","3f79451882db96a21d00211e6733ed69",2024-12-14 06:36:30,"Dhaka","Mirpur","Soybean Oil",4,200
"d2224997-eb09-4d6f-ad8c-501702c8349e","3f79451882db96a21d00211e6733ed69",2024-12-14 06:36:30,"Dhaka","Mirpur","Eggs",7,50
"d2224997-eb09-4d6f-ad8c-501702c8349e","3f79451882db96a21d00211e6733ed69",2024-12-14 06:36:30,"Dhaka","Mirpur","Chicken",8,300
"d2b19262-cab9-48f6-88e6-5895aef010a9","8f727e87f94104529913eb9891509597",2024-12-15 17:09:11,"Gazipur","Kapasia","Eggs",7,50
"d61fed46-069d-4bf1-8208-7e16ca7ef942","fe131476aa453d8177177dbc868e8265",2024-12-27 02:13:01,"Comilla","Comilla Adarsha Sadar","Rice",1,65
"d61fed46-069d-4bf1-8208-7e16ca7ef942","fe131476aa453d8177177dbc868e8265",2024-12-27 02:13:01,"Comilla","Comilla Adarsha Sadar","Flour",2,45
"d61fed46-069d-4bf1-8208-7e16ca7ef942","fe131476aa453d8177177dbc868e8265",2024-12-27 02:13:01,"Comilla","Comilla Adarsha Sadar","Lentil",3,110
"d61fed46-069d-4bf1-8208-7e16ca7ef942","fe131476aa453d8177177dbc868e8265",2024-12-27 02:13:01,"Comilla","Comilla Adarsha Sadar","Soybean Oil",4,205
"d61fed46-069d-4bf1-8208-7e16ca7ef942","fe131476aa453d8177177dbc868e8265",2024-12-27 02:13:01,"Comilla","Comilla Adarsha Sadar","Salt",5,40
"d61fed46-069d-4bf1-8208-7e16ca7ef942","fe131476aa453d8177177dbc868e8265",2024-12-27 02:13:01,"Comilla","Comilla Adarsha Sadar","Sugar",6,135
"d61fed46-069d-4bf1-8208-7e16ca7ef942","fe131476aa453d8177177dbc868e8265",2024-12-27 02:13:01,"Comilla","Comilla Adarsha Sadar","Eggs",7,48
"d61fed46-069d-4bf1-8208-7e16ca7ef942","fe131476aa453d8177177dbc868e8265",2024-12-27 02:13:01,"Comilla","Comilla Adarsha Sadar","Potato",9,70
"d61fed46-069d-4bf1-8208-7e16ca7ef942","fe131476aa453d8177177dbc868e8265",2024-12-27 02:13:01,"Comilla","Comilla Adarsha Sadar","Onion",11,60
"d61fed46-069d-4bf1-8208-7e16ca7ef942","fe131476aa453d8177177dbc868e8265",2024-12-27 02:13:01,"Comilla","Comilla Adarsha Sadar","Green Chilli",12,80
"d7ed0df1-13ae-4691-a3a5-55d0dafaffc8","3c4da5d5300f1fadba9801b5e8828301",2024-12-13 08:30:45,"Dhaka","Mohammadpur","Rice",1,75
"d7ed0df1-13ae-4691-a3a5-55d0dafaffc8","3c4da5d5300f1fadba9801b5e8828301",2024-12-13 08:30:45,"Dhaka","Mohammadpur","Flour",2,74
"d7ed0df1-13ae-4691-a3a5-55d0dafaffc8","3c4da5d5300f1fadba9801b5e8828301",2024-12-13 08:30:45,"Dhaka","Mohammadpur","Lentil",3,165
"d7ed0df1-13ae-4691-a3a5-55d0dafaffc8","3c4da5d5300f1fadba9801b5e8828301",2024-12-13 08:30:45,"Dhaka","Mohammadpur","Soybean Oil",4,180
"d7ed0df1-13ae-4691-a3a5-55d0dafaffc8","3c4da5d5300f1fadba9801b5e8828301",2024-12-13 08:30:45,"Dhaka","Mohammadpur","Salt",5,35
"d7ed0df1-13ae-4691-a3a5-55d0dafaffc8","3c4da5d5300f1fadba9801b5e8828301",2024-12-13 08:30:45,"Dhaka","Mohammadpur","Sugar",6,125
"d7ed0df1-13ae-4691-a3a5-55d0dafaffc8","3c4da5d5300f1fadba9801b5e8828301",2024-12-13 08:30:45,"Dhaka","Mohammadpur","Eggs",7,50
"d7ed0df1-13ae-4691-a3a5-55d0dafaffc8","3c4da5d5300f1fadba9801b5e8828301",2024-12-13 08:30:45,"Dhaka","Mohammadpur","Chicken",8,340
"d7ed0df1-13ae-4691-a3a5-55d0dafaffc8","3c4da5d5300f1fadba9801b5e8828301",2024-12-13 08:30:45,"Dhaka","Mohammadpur","Potato",9,80
"d7ed0df1-13ae-4691-a3a5-55d0dafaffc8","3c4da5d5300f1fadba9801b5e8828301",2024-12-13 08:30:45,"Dhaka","Mohammadpur","Eggplant",10,120
"d7ed0df1-13ae-4691-a3a5-55d0dafaffc8","3c4da5d5300f1fadba9801b5e8828301",2024-12-13 08:30:45,"Dhaka","Mohammadpur","Onion",11,100
"d7ed0df1-13ae-4691-a3a5-55d0dafaffc8","3c4da5d5300f1fadba9801b5e8828301",2024-12-13 08:30:45,"Dhaka","Mohammadpur","Green Chilli",12,75
"d977bc28-f75d-4f41-bf13-1ff2b812055b","b0090872a6819c04bf810bd47f50ede1",2024-12-17 17:38:38,"Rajshahi","Matihar","Chicken",8,160
"d977bc28-f75d-4f41-bf13-1ff2b812055b","b0090872a6819c04bf810bd47f50ede1",2024-12-17 17:38:38,"Rajshahi","Matihar","Eggplant",10,60
"d977bc28-f75d-4f41-bf13-1ff2b812055b","b0090872a6819c04bf810bd47f50ede1",2024-12-17 17:38:38,"Rajshahi","Matihar","Onion",11,90
"d977bc28-f75d-4f41-bf13-1ff2b812055b","b0090872a6819c04bf810bd47f50ede1",2024-12-17 17:38:38,"Rajshahi","Matihar","Green Chilli",12,1500
"dcf14ec7-b624-47ee-ba5f-a4f2cd221479","2b8427508a9e3bcf9e579578f6629e08",2024-12-19 12:58:19,"Rajshahi","Matihar","Chicken",8,170
"dcf14ec7-b624-47ee-ba5f-a4f2cd221479","2b8427508a9e3bcf9e579578f6629e08",2024-12-19 12:58:19,"Rajshahi","Matihar","Onion",11,140
"dcf14ec7-b624-47ee-ba5f-a4f2cd221479","2b8427508a9e3bcf9e579578f6629e08",2024-12-19 12:58:19,"Rajshahi","Matihar","Green Chilli",12,80
"dcf738e1-c8ef-4d0c-9b3d-0b0f85811b81","933583c077ff4c73565282b510dd424f",2025-01-06 08:15:17,"Naogaon","Badalgachhi","Chicken",8,190
"dcf738e1-c8ef-4d0c-9b3d-0b0f85811b81","933583c077ff4c73565282b510dd424f",2025-01-06 08:15:17,"Naogaon","Badalgachhi","Potato",9,50
"dcf738e1-c8ef-4d0c-9b3d-0b0f85811b81","933583c077ff4c73565282b510dd424f",2025-01-06 08:15:17,"Naogaon","Badalgachhi","Eggplant",10,40
"dcf738e1-c8ef-4d0c-9b3d-0b0f85811b81","933583c077ff4c73565282b510dd424f",2025-01-06 08:15:17,"Naogaon","Badalgachhi","Onion",11,60
"dd2dee71-3439-485a-81f2-3abaac4ef4d8","2121cd939eb18e4942dc891e4d49dd06",2025-01-11 07:38:17,"Rajshahi","Boalia","Rice",1,70
"dd2dee71-3439-485a-81f2-3abaac4ef4d8","2121cd939eb18e4942dc891e4d49dd06",2025-01-11 07:38:17,"Rajshahi","Boalia","Eggs",7,42
"dd2dee71-3439-485a-81f2-3abaac4ef4d8","2121cd939eb18e4942dc891e4d49dd06",2025-01-11 07:38:17,"Rajshahi","Boalia","Chicken",8,260
"dd2dee71-3439-485a-81f2-3abaac4ef4d8","2121cd939eb18e4942dc891e4d49dd06",2025-01-11 07:38:17,"Rajshahi","Boalia","Potato",9,35
"dd895f63-b508-4090-be55-e7de70902b80","886e897b7c9a8a66297d024a696f2c93",2025-01-06 07:52:46,"Gaibandha","Sadullapur","Rice",1,65
"dd895f63-b508-4090-be55-e7de70902b80","886e897b7c9a8a66297d024a696f2c93",2025-01-06 07:52:46,"Gaibandha","Sadullapur","Flour",2,50
"dd895f63-b508-4090-be55-e7de70902b80","886e897b7c9a8a66297d024a696f2c93",2025-01-06 07:52:46,"Gaibandha","Sadullapur","Lentil",3,140
"dd895f63-b508-4090-be55-e7de70902b80","886e897b7c9a8a66297d024a696f2c93",2025-01-06 07:52:46,"Gaibandha","Sadullapur","Soybean Oil",4,185
"dd895f63-b508-4090-be55-e7de70902b80","886e897b7c9a8a66297d024a696f2c93",2025-01-06 07:52:46,"Gaibandha","Sadullapur","Salt",5,40
"dd895f63-b508-4090-be55-e7de70902b80","886e897b7c9a8a66297d024a696f2c93",2025-01-06 07:52:46,"Gaibandha","Sadullapur","Sugar",6,125
"dd895f63-b508-4090-be55-e7de70902b80","886e897b7c9a8a66297d024a696f2c93",2025-01-06 07:52:46,"Gaibandha","Sadullapur","Eggs",7,45
"dd895f63-b508-4090-be55-e7de70902b80","886e897b7c9a8a66297d024a696f2c93",2025-01-06 07:52:46,"Gaibandha","Sadullapur","Chicken",8,180
"ddf9279c-9050-4a1b-aa80-7921fc510bcd","2e714926004c88ebae4732420decc6ad",2024-12-17 16:48:40,"Rajshahi","Matihar","Rice",1,72
"ddf9279c-9050-4a1b-aa80-7921fc510bcd","2e714926004c88ebae4732420decc6ad",2024-12-17 16:48:40,"Rajshahi","Matihar","Flour",2,44
"ddf9279c-9050-4a1b-aa80-7921fc510bcd","2e714926004c88ebae4732420decc6ad",2024-12-17 16:48:40,"Rajshahi","Matihar","Lentil",3,130
"ddf9279c-9050-4a1b-aa80-7921fc510bcd","2e714926004c88ebae4732420decc6ad",2024-12-17 16:48:40,"Rajshahi","Matihar","Soybean Oil",4,170
"ddf9279c-9050-4a1b-aa80-7921fc510bcd","2e714926004c88ebae4732420decc6ad",2024-12-17 16:48:40,"Rajshahi","Matihar","Salt",5,42
"ddf9279c-9050-4a1b-aa80-7921fc510bcd","2e714926004c88ebae4732420decc6ad",2024-12-17 16:48:40,"Rajshahi","Matihar","Sugar",6,130
"ddf9279c-9050-4a1b-aa80-7921fc510bcd","2e714926004c88ebae4732420decc6ad",2024-12-17 16:48:40,"Rajshahi","Matihar","Eggs",7,48
"ddf9279c-9050-4a1b-aa80-7921fc510bcd","2e714926004c88ebae4732420decc6ad",2024-12-17 16:48:40,"Rajshahi","Matihar","Chicken",8,165
"ddf9279c-9050-4a1b-aa80-7921fc510bcd","2e714926004c88ebae4732420decc6ad",2024-12-17 16:48:40,"Rajshahi","Matihar","Potato",9,80
"ddf9279c-9050-4a1b-aa80-7921fc510bcd","2e714926004c88ebae4732420decc6ad",2024-12-17 16:48:40,"Rajshahi","Matihar","Eggplant",10,80
"ddf9279c-9050-4a1b-aa80-7921fc510bcd","2e714926004c88ebae4732420decc6ad",2024-12-17 16:48:40,"Rajshahi","Matihar","Onion",11,110
"ddf9279c-9050-4a1b-aa80-7921fc510bcd","2e714926004c88ebae4732420decc6ad",2024-12-17 16:48:40,"Rajshahi","Matihar","Green Chilli",12,250
"df67a8c1-667c-4dd5-85ee-cc7e9609a3f1","2121cd939eb18e4942dc891e4d49dd06",2024-12-13 13:42:23,"Rajshahi","Boalia","Rice",1,92
"df67a8c1-667c-4dd5-85ee-cc7e9609a3f1","2121cd939eb18e4942dc891e4d49dd06",2024-12-13 13:42:23,"Rajshahi","Boalia","Lentil",3,140
"e31975a8-1058-4d3a-bc59-56b284f266f2","fe131476aa453d8177177dbc868e8265",2024-12-15 12:53:37,"Rajshahi","Matihar","Potato",9,100
"e35884a3-4ed1-4074-ac96-c789ada0daf7","2121cd939eb18e4942dc891e4d49dd06",2025-01-11 07:40:20,"Rajshahi","Boalia","Chicken",8,340
"e6f9d9fe-bd80-45e6-8b70-a5f4a9c4eda9","2121cd939eb18e4942dc891e4d49dd06",2024-12-13 13:40:36,"Rajshahi","Boalia","Rice",1,60
"e6f9d9fe-bd80-45e6-8b70-a5f4a9c4eda9","2121cd939eb18e4942dc891e4d49dd06",2024-12-13 13:40:36,"Rajshahi","Boalia","Lentil",3,130
"e6f9d9fe-bd80-45e6-8b70-a5f4a9c4eda9","2121cd939eb18e4942dc891e4d49dd06",2024-12-13 13:40:36,"Rajshahi","Boalia","Potato",9,75
"e6f9d9fe-bd80-45e6-8b70-a5f4a9c4eda9","2121cd939eb18e4942dc891e4d49dd06",2024-12-13 13:40:36,"Rajshahi","Boalia","Onion",11,90
"e78b4cba-d3e7-45a1-8ae0-d89ad27fb7b6","12bc8f52864c56c3dfbd8905a123f20c",2024-12-13 15:56:07,"Bhola","Bhola Sadar","Rice",1,55
"e78b4cba-d3e7-45a1-8ae0-d89ad27fb7b6","12bc8f52864c56c3dfbd8905a123f20c",2024-12-13 15:56:07,"Bhola","Bhola Sadar","Potato",9,70
"e78b4cba-d3e7-45a1-8ae0-d89ad27fb7b6","12bc8f52864c56c3dfbd8905a123f20c",2024-12-13 15:56:07,"Bhola","Bhola Sadar","Eggplant",10,50
"e7ceb2ea-d590-490d-948a-3be6f2a46554","da557a26314e56428547eb9e7598d675",2024-12-20 15:22:38,"Bogra","Bogra Sadar","Eggs",7,45
"e8f750f2-0e77-448b-ab10-b9b39d4a9126",NA,2025-01-29 07:56:44,"Rajshahi","Matihar","Rice",1,65
"e8f750f2-0e77-448b-ab10-b9b39d4a9126",NA,2025-01-29 07:56:44,"Rajshahi","Matihar","Flour",2,50
"e8f750f2-0e77-448b-ab10-b9b39d4a9126",NA,2025-01-29 07:56:44,"Rajshahi","Matihar","Lentil",3,120
"e8f750f2-0e77-448b-ab10-b9b39d4a9126",NA,2025-01-29 07:56:44,"Rajshahi","Matihar","Soybean Oil",4,173
"e8f750f2-0e77-448b-ab10-b9b39d4a9126",NA,2025-01-29 07:56:44,"Rajshahi","Matihar","Salt",5,40
"e8f750f2-0e77-448b-ab10-b9b39d4a9126",NA,2025-01-29 07:56:44,"Rajshahi","Matihar","Sugar",6,130
"e8f750f2-0e77-448b-ab10-b9b39d4a9126",NA,2025-01-29 07:56:44,"Rajshahi","Matihar","Eggs",7,42
"e9254abf-a3ef-4ef9-b786-51aed81f9102","fda44baf452965c9df6c0ec4a0a24241",2024-12-28 01:42:22,"Dhaka","Gulshan","Onion",11,120
"ec1635b1-d7a2-4b55-93c9-3cba1d5db6f6","7ceac72b25b304a7f5f0783c2498e89a",2024-12-19 13:49:46,"Dhaka","Adabor","Lentil",3,110
"ec1635b1-d7a2-4b55-93c9-3cba1d5db6f6","7ceac72b25b304a7f5f0783c2498e89a",2024-12-19 13:49:46,"Dhaka","Adabor","Chicken",8,190
"ec1635b1-d7a2-4b55-93c9-3cba1d5db6f6","7ceac72b25b304a7f5f0783c2498e89a",2024-12-19 13:49:46,"Dhaka","Adabor","Potato",9,75
"ec8080d2-463e-4e0a-8be4-95080ddd775a","572d1680512266ab142dd3e235069a1f",2024-12-14 16:28:54,"Rajshahi","Matihar","Rice",1,66
"ec8080d2-463e-4e0a-8be4-95080ddd775a","572d1680512266ab142dd3e235069a1f",2024-12-14 16:28:54,"Rajshahi","Matihar","Flour",2,56
"ec8080d2-463e-4e0a-8be4-95080ddd775a","572d1680512266ab142dd3e235069a1f",2024-12-14 16:28:54,"Rajshahi","Matihar","Lentil",3,140
"ec8080d2-463e-4e0a-8be4-95080ddd775a","572d1680512266ab142dd3e235069a1f",2024-12-14 16:28:54,"Rajshahi","Matihar","Soybean Oil",4,173
"ec8080d2-463e-4e0a-8be4-95080ddd775a","572d1680512266ab142dd3e235069a1f",2024-12-14 16:28:54,"Rajshahi","Matihar","Salt",5,60
"ec8080d2-463e-4e0a-8be4-95080ddd775a","572d1680512266ab142dd3e235069a1f",2024-12-14 16:28:54,"Rajshahi","Matihar","Sugar",6,175
"ec8080d2-463e-4e0a-8be4-95080ddd775a","572d1680512266ab142dd3e235069a1f",2024-12-14 16:28:54,"Rajshahi","Matihar","Eggs",7,50
"ec8080d2-463e-4e0a-8be4-95080ddd775a","572d1680512266ab142dd3e235069a1f",2024-12-14 16:28:54,"Rajshahi","Matihar","Chicken",8,160
"ec8080d2-463e-4e0a-8be4-95080ddd775a","572d1680512266ab142dd3e235069a1f",2024-12-14 16:28:54,"Rajshahi","Matihar","Potato",9,70
"ec8080d2-463e-4e0a-8be4-95080ddd775a","572d1680512266ab142dd3e235069a1f",2024-12-14 16:28:54,"Rajshahi","Matihar","Eggplant",10,80
"ec8080d2-463e-4e0a-8be4-95080ddd775a","572d1680512266ab142dd3e235069a1f",2024-12-14 16:28:54,"Rajshahi","Matihar","Onion",11,80
"ec8080d2-463e-4e0a-8be4-95080ddd775a","572d1680512266ab142dd3e235069a1f",2024-12-14 16:28:54,"Rajshahi","Matihar","Green Chilli",12,300
"f2ef47cc-b6b9-48a9-8b67-f5c476aa8378","b1d010371fae7901b9fd0ed15188a671",2024-12-24 14:34:10,"Rajshahi","Matihar","Potato",9,65
"f58435d0-057f-4aea-a6ae-964eab218707","12bc8f52864c56c3dfbd8905a123f20c",2025-01-01 11:12:28,"Rajshahi","Matihar","Soybean Oil",4,98
"f58435d0-057f-4aea-a6ae-964eab218707","12bc8f52864c56c3dfbd8905a123f20c",2025-01-01 11:12:28,"Rajshahi","Matihar","Salt",5,40
"f58435d0-057f-4aea-a6ae-964eab218707","12bc8f52864c56c3dfbd8905a123f20c",2025-01-01 11:12:28,"Rajshahi","Matihar","Potato",9,50
"f58435d0-057f-4aea-a6ae-964eab218707","12bc8f52864c56c3dfbd8905a123f20c",2025-01-01 11:12:28,"Rajshahi","Matihar","Onion",11,60
"f704b0a2-3143-465d-934c-d3b04c92f1a9","2121cd939eb18e4942dc891e4d49dd06",2025-01-11 12:29:51,"Rajshahi","Boalia","Sugar",6,130
"f704b0a2-3143-465d-934c-d3b04c92f1a9","2121cd939eb18e4942dc891e4d49dd06",2025-01-11 12:29:51,"Rajshahi","Boalia","Onion",11,45
"f8117c10-c46a-46a7-801d-08a28b604ac6","2121cd939eb18e4942dc891e4d49dd06",2025-01-11 07:39:41,"Rajshahi","Boalia","Chicken",8,320
"f82eabf5-76ab-4dea-93bb-d1a5d300c4c4","2b8427508a9e3bcf9e579578f6629e08",2024-12-19 12:54:18,"Rajshahi","Matihar","Rice",1,65
"f82eabf5-76ab-4dea-93bb-d1a5d300c4c4","2b8427508a9e3bcf9e579578f6629e08",2024-12-19 12:54:18,"Rajshahi","Matihar","Lentil",3,160
"f82eabf5-76ab-4dea-93bb-d1a5d300c4c4","2b8427508a9e3bcf9e579578f6629e08",2024-12-19 12:54:18,"Rajshahi","Matihar","Soybean Oil",4,200
"f82eabf5-76ab-4dea-93bb-d1a5d300c4c4","2b8427508a9e3bcf9e579578f6629e08",2024-12-19 12:54:18,"Rajshahi","Matihar","Chicken",8,165
"f82eabf5-76ab-4dea-93bb-d1a5d300c4c4","2b8427508a9e3bcf9e579578f6629e08",2024-12-19 12:54:18,"Rajshahi","Matihar","Potato",9,60
"f82eabf5-76ab-4dea-93bb-d1a5d300c4c4","2b8427508a9e3bcf9e579578f6629e08",2024-12-19 12:54:18,"Rajshahi","Matihar","Onion",11,60
"f82eabf5-76ab-4dea-93bb-d1a5d300c4c4","2b8427508a9e3bcf9e579578f6629e08",2024-12-19 12:54:18,"Rajshahi","Matihar","Green Chilli",12,50
"f8f521f7-fafd-415a-94de-b0b36ca46e14","a0c9335099245d8bbb3ca4e5ac7047bb",2024-12-18 17:22:12,"Rangpur","Rangpur Sadar","Rice",1,78
"f8f521f7-fafd-415a-94de-b0b36ca46e14","a0c9335099245d8bbb3ca4e5ac7047bb",2024-12-18 17:22:12,"Rangpur","Rangpur Sadar","Flour",2,60
"f8f521f7-fafd-415a-94de-b0b36ca46e14","a0c9335099245d8bbb3ca4e5ac7047bb",2024-12-18 17:22:12,"Rangpur","Rangpur Sadar","Lentil",3,70
"f8f521f7-fafd-415a-94de-b0b36ca46e14","a0c9335099245d8bbb3ca4e5ac7047bb",2024-12-18 17:22:12,"Rangpur","Rangpur Sadar","Soybean Oil",4,185
"f8f521f7-fafd-415a-94de-b0b36ca46e14","a0c9335099245d8bbb3ca4e5ac7047bb",2024-12-18 17:22:12,"Rangpur","Rangpur Sadar","Salt",5,50
"f8f521f7-fafd-415a-94de-b0b36ca46e14","a0c9335099245d8bbb3ca4e5ac7047bb",2024-12-18 17:22:12,"Rangpur","Rangpur Sadar","Sugar",6,120
"f8f521f7-fafd-415a-94de-b0b36ca46e14","a0c9335099245d8bbb3ca4e5ac7047bb",2024-12-18 17:22:12,"Rangpur","Rangpur Sadar","Eggs",7,48
"f8f521f7-fafd-415a-94de-b0b36ca46e14","a0c9335099245d8bbb3ca4e5ac7047bb",2024-12-18 17:22:12,"Rangpur","Rangpur Sadar","Chicken",8,180
"f8f521f7-fafd-415a-94de-b0b36ca46e14","a0c9335099245d8bbb3ca4e5ac7047bb",2024-12-18 17:22:12,"Rangpur","Rangpur Sadar","Potato",9,70
"f8f521f7-fafd-415a-94de-b0b36ca46e14","a0c9335099245d8bbb3ca4e5ac7047bb",2024-12-18 17:22:12,"Rangpur","Rangpur Sadar","Eggplant",10,60
"f8f521f7-fafd-415a-94de-b0b36ca46e14","a0c9335099245d8bbb3ca4e5ac7047bb",2024-12-18 17:22:12,"Rangpur","Rangpur Sadar","Onion",11,120
"f8f521f7-fafd-415a-94de-b0b36ca46e14","a0c9335099245d8bbb3ca4e5ac7047bb",2024-12-18 17:22:12,"Rangpur","Rangpur Sadar","Green Chilli",12,80
"f9231d1c-e17d-42db-9443-fa8b88b1f53b","2b8427508a9e3bcf9e579578f6629e08",2024-12-15 17:39:30,"Rajshahi","Boalia","Eggs",7,50
"f9231d1c-e17d-42db-9443-fa8b88b1f53b","2b8427508a9e3bcf9e579578f6629e08",2024-12-15 17:39:30,"Rajshahi","Boalia","Potato",9,75
"f9231d1c-e17d-42db-9443-fa8b88b1f53b","2b8427508a9e3bcf9e579578f6629e08",2024-12-15 17:39:30,"Rajshahi","Boalia","Onion",11,80
"f9231d1c-e17d-42db-9443-fa8b88b1f53b","2b8427508a9e3bcf9e579578f6629e08",2024-12-15 17:39:30,"Rajshahi","Boalia","Green Chilli",12,80
"fcd426ad-c73a-40fc-ab59-f0308180474f","4fae513bd1ff426ef54a61fe24c57671",2024-12-22 15:20:00,"Rajshahi","Boalia","Chicken",8,165
"fcd426ad-c73a-40fc-ab59-f0308180474f","4fae513bd1ff426ef54a61fe24c57671",2024-12-22 15:20:00,"Rajshahi","Boalia","Potato",9,80
"fcd426ad-c73a-40fc-ab59-f0308180474f","4fae513bd1ff426ef54a61fe24c57671",2024-12-22 15:20:00,"Rajshahi","Boalia","Eggplant",10,50
"fcd426ad-c73a-40fc-ab59-f0308180474f","4fae513bd1ff426ef54a61fe24c57671",2024-12-22 15:20:00,"Rajshahi","Boalia","Onion",11,100
"fcd426ad-c73a-40fc-ab59-f0308180474f","4fae513bd1ff426ef54a61fe24c57671",2024-12-22 15:20:00,"Rajshahi","Boalia","Green Chilli",12,100
"fd14bdd8-ae0a-421e-9e42-7e6bd301cc31","b1d010371fae7901b9fd0ed15188a671",2025-01-04 13:40:00,"Rajshahi","Matihar","Onion",11,60
"fd2bf233-5878-498b-a3de-0ff406a2dd6a","d547544b4104adf9c8861778073e43bc",2024-12-31 14:24:16,"Rajshahi","Boalia","Rice",1,65
"fd2bf233-5878-498b-a3de-0ff406a2dd6a","d547544b4104adf9c8861778073e43bc",2024-12-31 14:24:16,"Rajshahi","Boalia","Flour",2,50
"fd2bf233-5878-498b-a3de-0ff406a2dd6a","d547544b4104adf9c8861778073e43bc",2024-12-31 14:24:16,"Rajshahi","Boalia","Lentil",3,120
"fd2bf233-5878-498b-a3de-0ff406a2dd6a","d547544b4104adf9c8861778073e43bc",2024-12-31 14:24:16,"Rajshahi","Boalia","Eggs",7,44
"fd2bf233-5878-498b-a3de-0ff406a2dd6a","d547544b4104adf9c8861778073e43bc",2024-12-31 14:24:16,"Rajshahi","Boalia","Chicken",8,175
"fd2bf233-5878-498b-a3de-0ff406a2dd6a","d547544b4104adf9c8861778073e43bc",2024-12-31 14:24:16,"Rajshahi","Boalia","Potato",9,45
"fd2bf233-5878-498b-a3de-0ff406a2dd6a","d547544b4104adf9c8861778073e43bc",2024-12-31 14:24:16,"Rajshahi","Boalia","Onion",11,60
"fd2bf233-5878-498b-a3de-0ff406a2dd6a","d547544b4104adf9c8861778073e43bc",2024-12-31 14:24:16,"Rajshahi","Boalia","Green Chilli",12,40
"fdd82fbf-074b-4d1a-9ccb-37f9a203244b",NA,2025-02-01 14:20:29,"Rajshahi","Matihar","Potato",9,20
"fe20c8d6-dbf4-435b-8b96-dd90bf4b3010","0859ee7098b0fcd674aeb822126f986a",2024-12-17 03:41:34,"Dhaka","Badda","Flour",2,70
"fe20c8d6-dbf4-435b-8b96-dd90bf4b3010","0859ee7098b0fcd674aeb822126f986a",2024-12-17 03:41:34,"Dhaka","Badda","Lentil",3,120
"fe20c8d6-dbf4-435b-8b96-dd90bf4b3010","0859ee7098b0fcd674aeb822126f986a",2024-12-17 03:41:34,"Dhaka","Badda","Soybean Oil",4,167
"fe20c8d6-dbf4-435b-8b96-dd90bf4b3010","0859ee7098b0fcd674aeb822126f986a",2024-12-17 03:41:34,"Dhaka","Badda","Salt",5,42
"fe20c8d6-dbf4-435b-8b96-dd90bf4b3010","0859ee7098b0fcd674aeb822126f986a",2024-12-17 03:41:34,"Dhaka","Badda","Eggs",7,46
"fe20c8d6-dbf4-435b-8b96-dd90bf4b3010","0859ee7098b0fcd674aeb822126f986a",2024-12-17 03:41:34,"Dhaka","Badda","Chicken",8,355
"fe20c8d6-dbf4-435b-8b96-dd90bf4b3010","0859ee7098b0fcd674aeb822126f986a",2024-12-17 03:41:34,"Dhaka","Badda","Potato",9,76
"fe20c8d6-dbf4-435b-8b96-dd90bf4b3010","0859ee7098b0fcd674aeb822126f986a",2024-12-17 03:41:34,"Dhaka","Badda","Onion",11,120
"fe20c8d6-dbf4-435b-8b96-dd90bf4b3010","0859ee7098b0fcd674aeb822126f986a",2024-12-17 03:41:34,"Dhaka","Badda","Green Chilli",12,100
"fecc3487-cbf0-4630-96c9-fd69d1aff791","c15251cff68faccf4b27b37e8eb11447",2024-12-18 19:28:23,"Bagerhat","Fakirhat","Rice",1,-6666666
"fecc3487-cbf0-4630-96c9-fd69d1aff791","c15251cff68faccf4b27b37e8eb11447",2024-12-18 19:28:23,"Bagerhat","Fakirhat","Flour",2,5
"fecc3487-cbf0-4630-96c9-fd69d1aff791","c15251cff68faccf4b27b37e8eb11447",2024-12-18 19:28:23,"Bagerhat","Fakirhat","Lentil",3,54
"feed8758-f182-49b1-9719-d37c5b236767","fae74bc76cf6016774eb072b7ad97bb8",2024-12-29 17:53:55,"Rajshahi","Boalia","Lentil",3,140
"feed8758-f182-49b1-9719-d37c5b236767","fae74bc76cf6016774eb072b7ad97bb8",2024-12-29 17:53:55,"Rajshahi","Boalia","Soybean Oil",4,178
"feed8758-f182-49b1-9719-d37c5b236767","fae74bc76cf6016774eb072b7ad97bb8",2024-12-29 17:53:55,"Rajshahi","Boalia","Potato",9,40
"feed8758-f182-49b1-9719-d37c5b236767","fae74bc76cf6016774eb072b7ad97bb8",2024-12-29 17:53:55,"Rajshahi","Boalia","Eggplant",10,20
"feed8758-f182-49b1-9719-d37c5b236767","fae74bc76cf6016774eb072b7ad97bb8",2024-12-29 17:53:55,"Rajshahi","Boalia","Onion",11,55
"feed8758-f182-49b1-9719-d37c5b236767","fae74bc76cf6016774eb072b7ad97bb8",2024-12-29 17:53:55,"Rajshahi","Boalia","Green Chilli",12,40
